simplified,level
思绪,old-6
燕子,new-7+
僵化,new-7+
凝视,old-6
迫害,new-7+
指点,new-7+
带动,new-3
火药,new-7+
皮球,new-6
绿化,new-6
捧场,new-7+
皇宫,new-7+
暴雨,new-6
要领,new-7+
通行证,new-7+
占线,old-5
矫正,new-7+
水产品,new-5
珍重,new-7+
若干,new-7+
同盟,new-7+
郊游,new-7+
纽带,new-7+
推辞,new-7+
春节,new-2
贴近,new-7+
看中,new-7+
只管,new-6
否决,new-7+
寥寥无几,new-7+
丢弃,new-7+
敬重,new-7+
不以为然,new-7+
郊外,new-7+
连滚带爬,new-7+
难堪,new-7+
名额,new-6
核能,new-7+
遗弃,new-7+
北边,new-1
参谋,new-7+
车型,new-7+
下台,new-7+
闭幕式,new-5
作废,new-6
水灾,new-5
兼任,new-7+
世代,new-7+
不得而知,new-7+
埋藏,new-7+
切割,new-7+
个头儿,new-7+
挑拨,old-6
师范,new-7+
忠心,new-6
调解,new-5
大名鼎鼎,new-7+
幻觉,new-7+
人品,new-7+
半岛,new-7+
成语,new-5
害虫,new-7+
就近,new-7+
陶瓷,new-7+
峰会,new-6
让步,new-7+
跳水,new-6
吃喝玩乐,new-7+
风范,new-7+
瓷器,new-7+
自负,new-7+
循序渐进,new-7+
采矿,new-7+
数额,new-7+
机灵,new-7+
裁缝,old-6
芝麻,new-7+
俗话,new-7+
预示,new-7+
捉迷藏,new-7+
复原,new-7+
长假,new-6
微波炉,new-6
有没有,new-6
高山,new-7+
放水,new-7+
压榨,old-6
华侨,new-7+
递交,new-7+
小气,new-7+
参军,new-7+
民歌,new-6
倔强,new-7+
宽恕,new-7+
劝阻,new-7+
正能量,new-7+
接纳,new-7+
说真的,new-7+
改为,new-7+
恩人,new-6
如愿以偿,new-7+
不免,new-5
盒饭,new-5
波折,new-7+
理睬,new-7+
埋没,new-7+
车号,new-6
凹凸,old-6
赔钱,new-7+
庄园,new-7+
重量级,new-7+
物证,new-7+
水域,new-7+
搬迁,new-7+
猎犬,new-7+
工艺品,new-5
取经,new-7+
骨干,new-7+
无关紧要,new-7+
少儿,new-6
斩草除根,new-7+
船桨,new-7+
合身,old-6
耳光,new-7+
年夜饭,new-7+
影迷,new-6
补给,new-7+
兼顾,new-7+
伺机,new-7+
操场,new-4
斗志,new-7+
电饭锅,new-5
私房钱,new-7+
垫子,new-7+
枢纽,new-7+
遮挡,old-6
轨迹,new-7+
挨家挨户,new-7+
通通,new-7+
风尚,new-7+
整治,new-6
索取,new-7+
海面,new-7+
路面,new-7+
罢免,new-7+
一卡通,new-7+
果园,new-7+
刑法,new-7+
寡妇,new-7+
风气,new-7+
微妙,new-7+
未知数,new-7+
普及,new-3
稀奇,new-7+
喜闻乐见,old-6
保质期,new-7+
起哄,old-6
失明,new-7+
主办,new-5
来年,new-7+
改邪归正,new-7+
老实说,new-7+
不屑,new-7+
标示,new-7+
妄想,new-7+
挂失,new-7+
回味,new-7+
评选,new-6
一目了然,new-7+
容光焕发,new-7+
见仁见智,new-7+
调和,old-6
兑换,new-7+
车轮,new-7+
勤俭,old-6
灌溉,new-7+
售价,new-7+
作客,new-7+
化解,new-6
招投标,old-6
豁达,new-7+
一事无成,new-7+
离奇,new-7+
庄重,old-6
渺小,new-7+
在职,new-7+
票房,new-7+
指南针,new-7+
谜语,new-7+
集资,new-7+
皇上,new-7+
腐化,new-7+
透彻,new-7+
阵营,new-7+
断定,new-7+
灵机一动,new-7+
中立,new-7+
打车,new-1
摔跤,new-7+
长征,new-7+
管辖,new-7+
欠缺,new-7+
轻型,new-7+
老化,new-7+
香肠,new-5
年画,new-7+
制订,new-4
谦逊,new-7+
耕地,new-7+
所属,new-7+
闹事,new-7+
交接,new-7+
空儿,new-3
禁忌,new-7+
法人,old-6
一路平安,new-2
起跑线,new-7+
抚恤,new-7+
退票,new-6
顺从,new-7+
油漆,old-6
退步,old-5
衰弱,new-7+
胶水,new-5
警钟,new-7+
上瘾,new-7+
低碳,new-7+
急诊,new-7+
豆制品,new-5
成千上万,new-7+
碧绿,new-7+
政党,new-6
残缺,new-7+
无缘,new-7+
屹立,new-7+
公职,new-7+
华语,new-5
拆迁,new-6
得益于,new-7+
随即,new-7+
槐树,new-7+
羞耻,old-6
清真,old-6
扑面而来,new-7+
势头,new-7+
了却,new-7+
排行榜,new-6
纽扣儿,old-6
省钱,new-6
一路顺风,new-2
棱角,new-7+
出洋相,new-7+
留恋,new-7+
好客,new-7+
舵手,new-7+
悬崖峭壁,old-6
不相上下,new-7+
通俗,new-7+
说白了,new-7+
家用,new-7+
每逢,new-7+
男孩儿,new-1
审批,new-7+
总额,new-7+
公示,new-7+
公交车,new-2
衬衣,new-3
藤椅,new-7+
重叠,new-7+
摇摆,new-7+
专制,new-7+
仙女,new-7+
唾沫,old-6
气色,old-6
爱护,new-4
手艺,new-7+
关照,new-7+
火山,new-7+
财物,new-7+
见义勇为,new-7+
一举,new-7+
烟火,new-7+
骇人听闻,new-7+
地质,new-7+
陆续,new-4
皇室,new-7+
管教,new-7+
可信,new-7+
蚊帐,new-7+
星期日,new-1
上调,new-7+
皮带,new-7+
特邀,new-7+
梳子,new-7+
世袭,new-7+
趋于,new-7+
节水,new-7+
冲洗,new-7+
齐心协力,new-7+
皮包,new-3
常务,old-6
药材,new-7+
狭小,new-7+
雇主,new-7+
整数,new-7+
辛勤,new-7+
字幕,new-7+
谋害,new-7+
快捷,new-7+
厂长,new-5
乔装,new-7+
趁早,new-7+
荣获,new-7+
国有,new-7+
杂乱无章,new-7+
垂头丧气,new-7+
泥潭,new-7+
查获,old-6
柿子,new-7+
打通,new-7+
插嘴,new-7+
就读,new-7+
发抖,new-7+
似是而非,new-7+
墨水,new-6
走近,new-7+
斑点,new-7+
教学楼,new-1
毫升,new-4
暖烘烘,new-7+
噪声,new-7+
记忆犹新,new-7+
微弱,new-7+
汤圆,new-7+
瓜子,new-7+
横七竖八,new-7+
运动会,new-4
民意,new-6
首次,new-6
相当于,new-7+
简陋,new-7+
画蛇添足,new-7+
请柬,new-7+
培育,new-4
风力,new-7+
打针,new-4
近日,new-6
女孩儿,new-1
事态,new-7+
宏伟,new-7+
开机,new-2
退回,new-7+
核桃,new-7+
保鲜,new-7+
真是的,new-7+
统筹,new-7+
听写,new-1
宣誓,new-7+
宽厚,new-7+
坦诚,new-7+
周旋,new-7+
驻扎,old-6
勤恳,old-6
热泪盈眶,old-6
避难,new-7+
旷课,new-7+
微信,new-4
盘算,new-7+
胚胎,new-7+
海浪,new-6
官吏,new-7+
萍水相逢,new-7+
一路上,new-6
小偷儿,new-5
松弛,new-7+
亭子,old-6
开发商,new-7+
荡漾,new-7+
邮政,new-7+
同伙,new-7+
宽广,new-4
征集,new-7+
效仿,new-7+
展览会,new-7+
不怎么样,new-6
前仰后合,new-7+
治学,new-7+
口语,new-4
宝藏,new-7+
果树,new-6
合唱,new-7+
对弈,new-7+
省略,new-7+
溶解,new-7+
合伙,new-7+
苦尽甘来,old-6
媳妇,new-7+
温习,new-7+
和气,new-7+
猖狂,new-7+
国学,new-7+
骏马,new-7+
特制,new-7+
悲痛,new-7+
人行道,new-7+
对联,new-7+
宽敞,new-7+
补考,new-6
脱落,new-7+
暖气,new-4
台球,new-7+
寒假,new-4
四季,new-7+
大奖赛,new-5
贪污,new-7+
上限,new-7+
母语,old-6
国庆节,old-5
率先,new-4
淀粉,new-7+
浓重,new-7+
积淀,new-7+
索赔,new-7+
本着,new-7+
桃花,new-5
看管,new-6
柔和,new-7+
零星,old-6
炉灶,new-7+
瞧不起,new-7+
膳食,new-7+
满怀,new-7+
脸颊,new-7+
抵触,new-7+
有效期,new-7+
答辩,new-7+
奥秘,new-7+
单调,new-4
化身,new-7+
不同寻常,new-7+
触觉,new-7+
界定,new-7+
灾害,new-5
名胜,new-6
韧性,new-7+
差额,new-7+
反射,old-6
国歌,new-6
躲藏,new-7+
津津有味,new-7+
送礼,new-6
出厂,new-7+
错位,new-7+
人次,new-7+
唠叨,new-7+
奋勇,new-7+
管理费,new-7+
形形色色,new-7+
无忧无虑,new-7+
荒凉,new-7+
外行,new-7+
僵局,new-7+
虔诚,new-7+
橡皮,new-7+
与其,new-7+
互访,new-7+
恩怨,new-7+
拍戏,new-7+
招生,new-5
伤残,new-7+
王牌,new-7+
主页,new-7+
灾区,new-5
黑手,new-7+
愚昧,old-6
订购,new-7+
百合,new-7+
输血,new-7+
四肢,old-6
生活费,new-6
哪知道,new-7+
没意思,new-7+
发怒,new-6
乌云,new-6
填空,new-4
口子,new-7+
热腾腾,new-7+
不如说,new-7+
花瓣,new-7+
调皮,new-4
听从,new-7+
可歌可泣,new-7+
新陈代谢,new-7+
矿藏,new-7+
叫板,new-7+
水手,new-7+
协议书,new-5
先锋,new-6
刺耳,new-7+
专程,new-7+
不懈,new-7+
委屈,new-7+
客流,new-7+
大公无私,new-7+
墨水儿,old-6
提倡,new-5
开办,new-7+
两口子,new-7+
疏导,new-7+
胡同儿,new-5
犯愁,new-7+
发炎,new-6
壁画,new-7+
误差,new-7+
干事,new-7+
本期,new-6
酣畅,new-7+
陪葬,new-7+
扎实,new-6
悲观,new-7+
倒卖,new-7+
积蓄,new-7+
游戏机,new-6
飙升,new-7+
桥梁,new-6
假冒,new-7+
短信,new-2
倒塌,new-7+
重心,new-7+
乖巧,new-7+
挑剔,new-7+
碰见,new-2
鹏程万里,new-7+
路况,new-7+
树枝,new-7+
侵占,new-7+
廉政,new-7+
沽名钓誉,new-7+
取暖,new-7+
波浪,new-6
当即,new-7+
亲生,new-7+
硕果,new-7+
园地,new-6
确诊,new-7+
风采,new-7+
幸亏,new-7+
桃树,new-5
凸显,new-7+
三番五次,new-7+
编写,new-7+
贯通,new-7+
压倒,new-7+
节假日,new-6
敏锐,new-7+
扎根,new-7+
泼冷水,new-7+
昆虫,new-7+
歌咏,new-7+
公元,new-4
牲畜,new-7+
着重,new-7+
错综复杂,new-7+
皱纹,old-6
难以想象,new-7+
接力,new-7+
镇静,old-6
秧歌,new-7+
丰盛,new-7+
摸索,new-7+
使劲儿,old-5
生怕,new-7+
写字台,new-6
创立,new-5
避暑,new-7+
养老院,new-7+
水龙头,new-7+
诱发,new-7+
次序,old-6
千克,new-2
活该,new-7+
周折,old-6
驾驭,new-7+
货运,new-7+
科普,new-7+
争端,new-7+
优化,new-7+
路途,new-7+
分红,new-7+
畜牧,old-6
哗然,new-7+
演说,new-7+
海拔,new-7+
冗长,new-7+
铺路,new-7+
火辣辣,new-7+
成才,new-7+
点评,new-7+
积极性,new-3
调剂,old-6
附和,new-7+
危急,new-7+
风筝,new-7+
滞后,new-7+
不能不,new-5
引入,new-7+
美中不足,new-7+
简要,new-7+
精密,old-6
帘子,new-7+
粗心,new-4
无私,new-7+
输家,new-7+
海量,new-7+
养成,new-4
自满,old-6
母女,new-6
翠绿,new-7+
历经,new-7+
稍稍,new-7+
柏树,new-7+
桑拿,new-7+
崇高,new-7+
废墟,new-7+
素描,new-7+
钱财,new-7+
筹划,new-7+
停业,new-7+
汇率,new-4
遗失,old-6
蔑视,old-6
捆绑,old-6
绕行,new-7+
篇幅,new-7+
经度,new-7+
解说,new-6
破例,old-6
启迪,new-7+
试用,new-7+
只得,new-6
抽空,old-6
高效,new-7+
开垦,new-7+
玩耍,new-7+
凶猛,new-7+
外貌,new-7+
接济,new-7+
划船,new-3
纲要,new-7+
及格,new-4
菜市场,new-7+
功率,new-7+
介于,new-7+
回扣,new-7+
审视,new-7+
情理,old-6
并列,new-7+
粗鲁,new-7+
把柄,new-7+
能耐,new-7+
揣摩,new-7+
朝三暮四,new-7+
媒介,old-6
意料,new-7+
洗衣粉,new-6
收敛,new-7+
殷勤,new-7+
延缓,new-7+
空荡荡,new-7+
烹调,new-7+
歉意,new-7+
歌星,new-6
国旗,new-6
沸沸扬扬,new-7+
历时,new-7+
书记,new-7+
红包,new-4
便于,new-5
紊乱,new-7+
海滨,new-7+
考场,new-6
手动,new-7+
倡导,new-5
卡子,new-7+
冷气,new-6
中国画,new-7+
呼声,new-7+
稀罕,new-7+
特例,new-7+
绿灯,new-7+
动画片,new-4
金子,new-7+
波涛,new-7+
照常,new-7+
惊诧,new-7+
稠密,new-7+
挺拔,old-6
利率,new-7+
转弯,new-4
肖像,new-7+
散文,new-5
哭笑不得,new-7+
疏忽,new-7+
红润,new-7+
馒头,new-6
遗嘱,new-7+
耗时,new-7+
丰富多彩,new-7+
如实,new-7+
冲刺,new-7+
冷门,new-7+
世故,new-7+
通车,new-7+
礼拜天,old-5
热点,new-6
言行,new-7+
退休金,new-7+
便利店,new-7+
盛会,new-7+
好玩儿,new-1
艳丽,new-7+
欣欣向荣,new-7+
华人,new-3
名贵,new-7+
沉稳,new-7+
大吃一惊,new-7+
支流,old-6
池塘,new-7+
前夕,new-7+
树叶,new-4
隐约,new-7+
居高临下,new-7+
正直,new-7+
讥笑,new-7+
拜会,new-7+
精髓,new-7+
大笔,new-7+
编织,old-6
泰斗,new-7+
面面俱到,new-7+
扫兴,new-7+
心酸,new-7+
为首,old-6
多心,new-7+
存心,new-7+
快活,new-5
灭亡,new-7+
浮力,new-7+
关税,new-7+
迎面,old-6
显赫,new-7+
垃圾桶,old-4
铸造,new-7+
痴呆,new-7+
精华,new-7+
磁盘,new-7+
知足常乐,old-6
领事,new-7+
指教,new-7+
凶恶,new-7+
叙述,new-7+
举措,new-7+
抨击,new-7+
举足轻重,old-6
兴旺,new-6
录音机,new-6
申领,new-7+
意想不到,new-6
带头人,new-7+
伴奏,new-7+
耍赖,new-7+
举止,new-7+
向来,new-7+
沿海,new-6
姥姥,new-7+
心急如焚,new-7+
干戈,new-7+
民俗,new-7+
暂且,old-6
半年,new-1
佐料,new-7+
不愧,old-6
彩霞,new-7+
新颖,new-7+
精品,new-6
画儿,new-2
默读,new-7+
一连,new-7+
抗争,new-7+
千军万马,new-7+
胡闹,new-7+
印刷术,new-7+
遥控,new-7+
定做,new-7+
百分比,new-7+
摇晃,new-7+
监护,new-7+
睡袋,new-7+
快点儿,new-2
改版,new-7+
埋葬,old-6
请进,new-1
短处,new-3
苦恼,new-7+
打篮球,old-2
慰问,new-5
水货,new-7+
服气,old-6
坚持不懈,new-7+
棍棒,old-6
原创,new-7+
凑巧,new-7+
包子,new-1
饺子,new-2
天伦之乐,old-6
无情无义,new-7+
患病,new-7+
衷心,new-7+
门铃,new-7+
急功近利,old-6
贺卡,new-5
路段,new-7+
自来水,new-6
自立,new-7+
自尊心,new-7+
花纹,new-7+
夸耀,new-7+
拙劣,new-7+
爬山,new-2
垄断,new-7+
范畴,new-7+
成效,new-5
解体,new-7+
更改,new-7+
波涛汹涌,old-6
缠绕,old-6
凭证,new-7+
会诊,new-7+
浮现,new-7+
执意,new-7+
侵权,new-7+
风俗,new-4
鞠躬,new-7+
不一会儿,new-2
电网,new-7+
兴高采烈,new-7+
薯片,new-6
新款,new-7+
管子,new-7+
籍贯,old-6
入场券,new-7+
减速,new-7+
气愤,new-7+
急于求成,old-6
上头,new-7+
不料,new-6
荒谬,new-7+
一毛不拔,new-7+
性情,new-7+
耗费,new-7+
潮湿,new-4
回馈,new-7+
祸害,new-7+
气概,old-6
海运,new-7+
寿命,new-7+
夜以继日,new-7+
公式,new-5
专卖店,new-7+
起源,new-7+
方针,new-4
潇洒,new-7+
反常,new-7+
心肠,new-7+
说到底,new-7+
摄氏度,new-7+
共鸣,new-7+
机动车,new-6
滚动,new-7+
死心,new-7+
连绵,new-7+
祖父,new-6
就地,new-7+
幻影,new-7+
油腻,old-6
核对,new-7+
团圆,new-7+
引经据典,new-7+
寺庙,new-7+
血栓,new-7+
随手,new-4
坟墓,new-7+
无穷无尽,old-6
彬彬有礼,new-7+
私立,new-7+
孤陋寡闻,new-7+
丰收,new-5
繁忙,new-7+
登山,new-4
发呆,old-6
再接再厉,old-6
论述,new-7+
秉承,new-7+
敲诈,new-7+
日报,new-2
坦率,new-7+
重播,new-7+
头条,new-7+
有劲儿,new-4
风波,new-7+
诉说,new-7+
前年,new-2
走投无路,new-7+
转交,new-7+
幅度,new-5
质地,new-7+
零下,new-2
订立,new-7+
倘若,new-7+
亏待,old-6
坐落,new-7+
花瓶,new-6
昌盛,new-6
半决赛,new-6
停车位,new-7+
沙子,new-3
跳槽,new-7+
批判,new-7+
公立,new-7+
着凉,old-5
食欲,new-6
管家,new-7+
邮编,new-7+
不成,new-6
带头,new-7+
构造,new-4
荆棘,new-7+
物流,new-7+
感兴趣,new-4
商城,new-6
偏向,new-7+
寻觅,new-7+
察看,new-7+
一把手,new-7+
外汇,new-4
说起来,new-7+
退学,new-7+
凑合,new-7+
求救,new-7+
纲领,new-7+
输液,new-7+
调侃,new-7+
亡羊补牢,new-7+
弄虚作假,new-7+
富足,new-7+
天性,new-7+
适度,new-7+
方向盘,new-7+
价位,new-7+
投机,new-7+
创办,new-6
饲养,new-7+
血脉,new-7+
生机,new-7+
看似,new-7+
彻夜,new-7+
归根到底,new-7+
火候,new-7+
务实,new-7+
忧虑,new-7+
遍地,new-6
汇款,new-5
粉末,old-6
悬殊,new-7+
破除,new-7+
安居乐业,old-6
立交桥,new-7+
中旬,new-7+
抵御,new-7+
虚心,new-5
跨国,new-7+
踏上,new-7+
免除,new-7+
谜团,new-7+
缘分,new-7+
供暖,new-7+
不由得,new-7+
小路,new-7+
舰艇,old-6
漂浮,old-6
划算,new-7+
追溯,new-7+
执照,new-7+
清淡,new-7+
惊险,new-7+
吵嘴,new-7+
微不足道,new-7+
晃荡,new-7+
猩猩,new-7+
沉甸甸,new-7+
手续费,new-6
糖葫芦,old-6
扫除,new-7+
长江,old-4
自然而然,new-7+
楷模,new-7+
嗜好,new-7+
球拍,new-6
目瞪口呆,new-7+
肩负,new-7+
煽动,new-7+
滔滔不绝,new-7+
岸上,new-5
止咳,new-7+
友善,new-7+
莲子,new-7+
冷淡,new-7+
目中无人,new-7+
勘探,new-7+
停放,new-7+
母子,new-6
家家户户,new-7+
愁眉苦脸,new-7+
清凉,new-7+
好在,new-7+
股民,new-7+
前不久,new-7+
忙活,new-7+
更是,new-6
工夫,new-3
贴切,new-7+
月初,new-7+
过意不去,new-7+
醇厚,new-7+
一口气,new-5
光缆,new-7+
音量,new-6
呼啸,old-6
识字,new-6
聋人,new-7+
疑虑,new-7+
心眼儿,new-7+
晕车,new-6
不辞而别,new-7+
越发,new-7+
银行卡,new-2
谜底,new-7+
造反,old-6
戒烟,new-7+
备忘录,old-6
举一反三,new-7+
饭馆,new-2
梅花,new-6
聚精会神,new-7+
汇聚,new-7+
带队,new-7+
做证,new-7+
评论员,new-7+
高压,new-7+
假使,new-7+
娇气,new-7+
成问题,new-7+
酷似,new-7+
症结,new-7+
考生,new-2
牵制,new-7+
力求,new-7+
格格不入,new-7+
私家车,new-7+
贫富,new-7+
止步,new-7+
发扬,new-7+
够呛,new-7+
一举一动,new-7+
档次,new-7+
尾声,new-7+
降价,new-4
艰巨,new-7+
豁出去,new-7+
侍候,new-7+
商贩,new-7+
一揽子,new-7+
双赢,new-7+
忧愁,new-7+
理发,new-3
床单,old-6
担当,new-7+
面貌,new-5
里程碑,new-7+
人民币,new-3
沉着,new-7+
产值,new-7+
标本,new-7+
重合,new-7+
景观,new-7+
贬义,old-6
阴暗,new-7+
涵盖,new-7+
造假,new-7+
摆平,new-7+
信封,new-3
牙刷,new-4
大腕儿,new-7+
学艺,new-7+
纪要,old-6
尤为,new-7+
概论,new-7+
多亏,new-7+
纵观,new-7+
深情厚谊,old-6
本科,new-4
冒犯,new-7+
迟迟,new-7+
公用,new-7+
灌输,new-7+
稿件,old-6
火暴,new-7+
讨价还价,new-7+
布满,new-6
由此看来,new-7+
孙女,new-4
离职,new-7+
嘈杂,old-6
两栖,new-7+
魄力,new-7+
西红柿,new-5
资历,new-7+
稳重,new-7+
诱饵,new-7+
告状,new-7+
挂钩,new-7+
背诵,new-7+
生成,new-5
瑰宝,new-7+
顾不得,new-7+
毫米,new-4
诚心诚意,new-7+
喜酒,new-7+
放纵,new-7+
表白,new-7+
备份,old-6
手头,new-7+
可乘之机,new-7+
结账,old-5
国产,new-6
嬉笑,new-7+
真挚,new-7+
糟蹋,old-6
高血压,new-7+
延期,new-4
克制,new-7+
哆嗦,new-7+
框架,new-7+
词语,new-2
不正之风,new-7+
颈部,new-7+
漫游,new-7+
胸膛,new-7+
廉正,new-7+
灵通,new-7+
停顿,new-7+
匆忙,new-7+
重申,new-7+
后盾,new-7+
祖母,new-6
繁体字,new-7+
专柜,new-7+
酸甜苦辣,new-5
饮用水,new-7+
导火索,new-7+
抵消,new-7+
人气,new-7+
趣味,new-7+
三明治,new-6
倾销,new-7+
创业,new-3
见外,new-7+
鸦雀无声,new-7+
疑点,new-7+
现代化,new-3
喘息,new-7+
湿润,new-7+
缆车,new-7+
穿小鞋,new-7+
爱惜,new-7+
旺季,new-7+
优胜劣汰,old-6
慰劳,new-7+
抽奖,new-4
汹涌,new-7+
冲浪,new-7+
诉苦,new-7+
天经地义,new-7+
通货,old-6
恰巧,new-7+
淘气,new-7+
流失,new-7+
调控,new-7+
或多或少,new-7+
绝技,new-7+
雕刻,new-7+
合计,new-7+
相等,new-5
诚信,new-4
应酬,new-7+
脱口而出,new-7+
壮丽,new-7+
清脆,new-7+
公鸡,new-6
首创,new-7+
后人,new-7+
镇定,new-7+
水壶,new-7+
播种,old-6
赐教,new-7+
首府,new-7+
低谷,new-7+
解说员,old-5
贯穿,new-7+
沉迷,new-7+
遂心,new-7+
毁坏,new-7+
导向,new-7+
虚幻,new-7+
任职,new-7+
养殖,new-7+
圆珠笔,new-6
照明,new-7+
防治,new-5
隐情,new-7+
品德,new-7+
劣势,new-7+
唤起,new-7+
光泽,new-7+
急忙,new-4
试探,new-7+
发电,new-6
实话实说,new-7+
风流,new-7+
适时,new-7+
麦克风,old-5
麻辣,new-7+
网友,new-1
迄今,new-7+
风趣,new-7+
专职,new-7+
昔日,new-7+
棍子,new-7+
闺女,new-7+
弯曲,new-6
别具匠心,new-7+
汇合,new-7+
耳闻目睹,new-7+
瀑布,new-7+
了结,new-7+
没准儿,new-7+
见钱眼开,new-7+
主食,new-7+
靶子,new-7+
喜洋洋,new-7+
换成,new-7+
商讨,new-7+
急切,old-6
公约,new-7+
艰苦奋斗,new-7+
无济于事,new-7+
磁带,new-7+
心胸,new-7+
口哨,new-7+
传承,new-7+
报废,new-7+
旱灾,new-7+
保修,new-7+
往年,new-6
楼房,new-6
账单,new-7+
吃不上,new-7+
功效,new-7+
谈起,new-7+
如一,new-6
珍视,new-7+
人均,new-7+
悬挂,new-7+
紧接着,new-7+
轮椅,new-4
分支,new-7+
讲究,new-4
面粉,new-7+
立足,new-7+
款待,old-6
野餐,new-7+
扣除,new-7+
提早,new-7+
安稳,new-7+
处分,new-5
尾气,new-7+
无话可说,new-7+
分割,new-7+
杀毒,new-5
工作量,new-7+
通知书,new-4
调度,new-7+
圣贤,new-7+
宏大,new-6
东边,new-1
揭发,new-7+
洞穴,old-6
半途而废,new-7+
地势,old-6
祖先,new-7+
呼救,new-7+
齐全,new-5
磨损,new-7+
不由自主,new-7+
和平共处,new-7+
房价,new-6
不理,new-7+
反省,new-7+
表述,new-7+
面红耳赤,new-7+
酒水,new-6
自以为是,new-7+
干活儿,new-2
侠义,new-7+
动员,new-5
声势,old-6
元老,new-7+
迷惑不解,new-7+
船舶,new-7+
告示,new-7+
谢绝,old-6
飞跃,new-7+
一无所有,new-7+
小吃,new-4
谋生,new-7+
划分,new-5
巴结,old-6
领略,new-7+
缴费,new-7+
山寨,new-7+
陶醉,new-7+
太平,new-7+
伊斯兰教,new-7+
深入人心,new-7+
农作物,new-7+
纵横交错,new-7+
过时,new-6
预先,new-7+
列举,new-7+
充当,new-7+
概况,new-7+
恩惠,new-7+
懒惰,new-7+
胡同,old-5
两岸,new-5
淹没,old-6
焕发,new-7+
盖章,old-6
收据,new-7+
利害,new-7+
合算,old-6
劝说,new-7+
促成,new-7+
无家可归,new-7+
刺骨,new-7+
那会儿,new-2
山冈,new-7+
无条件,new-7+
拨款,new-7+
个子,new-2
奶牛,new-6
宣泄,new-7+
小康,new-7+
检讨,new-7+
断断续续,new-7+
放肆,new-7+
限度,new-7+
人道,new-7+
养老金,new-7+
体质,new-7+
凶狠,new-7+
竭尽全力,new-7+
大纲,new-5
频频,new-7+
读音,new-2
荒诞,new-7+
活儿,new-7+
议题,new-6
升学,new-6
求职,new-6
滞留,new-7+
连夜,new-7+
情调,new-7+
俯仰,old-6
玩弄,old-6
叮嘱,new-7+
假定,new-7+
秀美,new-7+
下周,new-2
接见,new-7+
惨痛,new-7+
垫底,new-7+
粗心大意,new-7+
比起,new-7+
入境,new-7+
构思,new-7+
特产,new-7+
教条,new-7+
粗暴,new-7+
亲朋好友,new-7+
过期,new-7+
后头,new-4
收复,new-7+
冷却,old-6
受骗,new-7+
教养,new-7+
偏方,new-7+
开学,new-2
太极,new-7+
长效,new-7+
涌入,new-7+
忠于,new-7+
口令,new-7+
常理,new-7+
哺育,new-7+
能人,new-7+
反弹,new-7+
兢兢业业,new-7+
文娱,new-6
点名,new-4
游览,new-7+
玩意儿,new-7+
过日子,new-7+
音像,new-6
边远,new-7+
鸟巢,new-7+
阀门,new-7+
素养,new-7+
白酒,new-5
牢固,new-7+
美德,new-7+
远方,new-6
售货员,new-4
定为,new-7+
场馆,new-6
势必,new-7+
无可厚非,new-7+
田野,old-5
施行,new-7+
袖珍,new-6
玄机,new-7+
判定,new-7+
好说,new-7+
一应俱全,new-7+
团长,new-5
网页,new-6
执着,new-7+
任重道远,old-6
顺其自然,new-7+
情谊,new-7+
穴位,new-7+
摘要,old-6
此前,new-6
辛酸,new-7+
心想事成,new-7+
大巴,new-4
祖籍,new-7+
海域,new-7+
中止,new-7+
堆砌,new-7+
珍稀,old-6
风风雨雨,new-7+
套餐,new-4
家电,new-6
饭碗,new-7+
真假,new-7+
精简,new-7+
带路,new-7+
汉语,new-1
灯泡,new-7+
竹竿,new-7+
立方,new-7+
激化,new-7+
预兆,new-7+
源源不断,new-7+
旗袍,new-7+
暴风雨,new-6
休想,new-7+
幸存,new-7+
增添,new-7+
图画,new-3
好心人,new-7+
响应,new-7+
就职,new-7+
要素,new-6
尺度,new-7+
丛林,new-7+
功臣,new-7+
农民工,new-7+
闲话,old-6
自由自在,new-7+
次日,new-7+
义工,new-7+
夜班,new-7+
隐身,new-7+
庄稼,new-7+
顺理成章,new-7+
辽阔,new-7+
禾苗,new-7+
热气,new-7+
夸夸其谈,new-7+
拖累,new-7+
长足,new-7+
推行,new-5
枪毙,new-7+
包庇,old-6
租赁,new-7+
中外,new-6
丧生,new-7+
小曲,new-7+
言辞,new-7+
无形中,new-7+
力所能及,new-7+
转载,new-7+
岳父,new-7+
接送,new-7+
农产品,new-5
橙汁,new-7+
扰乱,new-7+
逼迫,new-7+
红茶,new-3
空洞,old-6
出毛病,new-7+
太阳能,new-6
红薯,new-7+
弊病,new-7+
干旱,new-7+
当众,new-7+
闭幕,new-5
出境,new-7+
突破口,new-7+
盼望,new-6
显出,new-6
放映,new-7+
紧迫,new-7+
国庆,new-3
紧缩,new-7+
一概而论,new-7+
汗水,new-7+
水利,new-7+
演播室,new-7+
折合,new-7+
长短,new-6
抗衡,new-7+
慌张,new-7+
盟友,new-7+
时差,old-6
平价,new-7+
打折,new-4
出神,old-6
难关,new-7+
卫视,new-7+
综上所述,new-7+
此致,new-6
下意识,new-7+
增进,new-6
何苦,new-7+
书桌,new-5
威风,new-7+
流淌,new-7+
仁慈,new-7+
耳目一新,new-7+
元旦,new-5
山路,new-7+
灯笼,new-7+
洋溢,new-7+
延误,new-7+
凉水,new-3
仙鹤,new-7+
茶道,new-7+
接班人,new-7+
果实,new-4
往返,new-7+
示威,new-7+
适量,new-7+
苗头,new-7+
空地,new-7+
董事长,new-7+
分之,new-4
防疫,new-7+
冲撞,new-7+
顾虑,new-7+
免职,new-7+
杠杆,old-6
聘用,new-7+
一言一行,new-7+
截然不同,new-7+
号称,new-7+
赞叹不已,new-7+
得手,new-7+
审核,new-7+
试题,new-3
马力,new-7+
搞鬼,new-7+
窟窿,new-7+
飞翔,new-7+
知识分子,new-7+
代号,new-7+
作对,new-7+
极力,new-7+
直视,new-7+
侵害,new-7+
忽高忽低,new-7+
恭敬,old-6
混浊,new-7+
传授,new-7+
怠工,new-7+
操控,new-7+
全方位,new-7+
淡化,new-7+
别看,new-7+
汽水,new-4
滑冰,new-7+
宣扬,new-7+
多媒体,new-6
戒备,new-7+
边疆,new-7+
谦虚,new-6
庸俗,new-7+
好评,new-7+
招手,new-5
富含,new-7+
行情,new-7+
勤工俭学,new-7+
隐患,new-7+
错觉,new-7+
对称,new-7+
下课,new-1
化纤,new-7+
摆设,new-7+
朝气蓬勃,new-7+
旨在,new-7+
果酱,new-6
精打细算,new-7+
无故,new-7+
应聘,new-7+
小丑,new-7+
一经,new-7+
时隔,new-7+
张扬,new-7+
家教,new-7+
冷酷无情,new-7+
商贾,new-7+
污秽,new-7+
博大精深,old-6
屈服,new-7+
脚印,new-6
味精,new-7+
受苦,new-7+
上流,new-7+
务必,new-7+
交朋友,new-2
传记,new-7+
实况,new-7+
光碟,new-7+
胜任,new-7+
药片,new-2
餐饮,new-5
颈椎,old-6
教科书,new-7+
体积,new-5
吹牛,new-7+
启事,new-5
川流不息,new-7+
心里话,new-7+
消遣,new-7+
流入,new-7+
互助,new-7+
掉队,new-7+
佳肴,old-6
养老,new-6
分寸,new-7+
裂痕,new-7+
善意,new-7+
踌躇,old-6
站台,new-6
挨着,new-6
挨打,new-6
杜绝,new-7+
远见,new-7+
建树,new-7+
阅历,new-7+
内外,new-6
近视,new-6
顺差,new-7+
胆小,new-5
仅次于,new-7+
休克,new-7+
追随,new-7+
照耀,new-6
产量,new-6
宇航员,new-6
偷懒,new-7+
家常,old-6
急迫,new-7+
披露,new-7+
抛开,new-7+
白菜,new-3
图形,new-7+
恩赐,new-7+
勇于,new-7+
力不从心,new-7+
驾照,new-5
胸有成竹,new-7+
银幕,new-7+
重任,new-7+
比不上,new-7+
惨重,new-7+
客车,new-6
做客,new-3
米饭,new-1
古今中外,new-7+
轮换,new-7+
交头接耳,new-7+
没法儿,new-4
预赛,new-7+
拓宽,new-7+
五星级,new-7+
修订,new-7+
沿线,new-7+
浓厚,new-7+
二维码,new-5
过境,new-7+
鳄鱼,new-7+
南极,new-5
捍卫,new-7+
启蒙,new-7+
拉拢,new-7+
措手不及,new-7+
国情,new-7+
做东,old-6
梯子,new-7+
爽快,new-7+
病症,new-7+
售票,new-7+
作息,old-6
寿司,new-5
招揽,new-7+
东南,new-2
巨型,new-7+
抄袭,new-7+
超速,new-7+
试卷,new-4
记性,old-6
广阔,new-6
敌视,old-6
交纳,new-7+
存折,new-7+
河畔,new-7+
测算,new-7+
南北,new-5
驱动,new-7+
蓝天,new-6
品行,new-7+
小提琴,new-7+
受惊,new-7+
内行,new-7+
高价,new-4
太极拳,new-7+
单薄,new-7+
一不小心,new-7+
正视,new-7+
呼应,new-7+
公认,new-5
兴隆,old-6
发扬光大,new-7+
纺织,new-7+
不予,new-7+
实物,new-7+
吊销,new-7+
游船,new-7+
盛行,new-6
发票,new-4
按键,new-7+
实事求是,new-7+
就座,new-7+
水分,new-5
源于,new-7+
年薪,new-7+
发愁,new-7+
椭圆,old-6
一动不动,new-7+
中餐,new-2
简短,new-7+
下调,new-7+
冤枉,new-7+
恳切,old-6
国画,new-7+
学说,new-7+
公开信,new-7+
壮胆,new-7+
顶多,new-7+
入场,new-7+
唾液,new-7+
说不上,new-7+
落实,new-5
球星,new-6
安检,new-6
嘉年华,new-7+
主宰,new-7+
填补,new-7+
仪表,new-7+
寓言,new-7+
恋恋不舍,new-7+
受理,new-7+
细心,new-7+
自如,new-7+
屏障,old-6
蕴藏,new-7+
豆子,new-7+
便条,new-5
感慨,new-7+
层出不穷,new-7+
伤员,new-6
用餐,new-7+
献血,new-7+
威信,new-7+
迷信,new-5
有待,new-7+
上班族,new-6
刁难,new-7+
健美,new-7+
缺席,new-7+
上岗,new-7+
俗话说,new-7+
木偶,new-7+
景点,new-6
贝壳,new-7+
须知,old-6
吃苦,new-7+
报销,new-7+
部件,new-7+
照料,new-7+
班级,new-3
接二连三,new-7+
天长地久,new-7+
自力更生,new-7+
受贿,new-7+
打搅,new-7+
药方,new-7+
莫过于,new-7+
辞典,new-5
腹泻,new-7+
勤快,new-7+
脉络,new-7+
身不由己,new-7+
俘获,new-7+
贬值,new-7+
敢情,new-7+
出走,new-7+
不约而同,new-7+
公共汽车,new-2
感触,new-7+
候选,old-6
摇摇欲坠,new-7+
凝聚,new-7+
旅店,new-6
没想到,new-4
油炸,old-5
吃亏,new-7+
贬低,old-6
欢聚,new-7+
山峰,new-6
情不自禁,new-7+
抽屉,new-7+
话费,new-7+
禅杖,new-7+
会晤,new-7+
搭建,new-7+
混淆,new-7+
过硬,new-7+
老汉,new-7+
守候,new-7+
为期,new-5
交际,new-4
上任,new-7+
神色,old-6
望远镜,new-7+
登机,new-7+
焚烧,new-7+
洪亮,new-7+
才干,old-6
风沙,new-7+
演变,new-7+
时事,new-5
台灯,new-6
歼灭,new-7+
出道,new-7+
焦急,new-7+
供求,new-7+
四合院,new-7+
一块儿,new-1
工整,new-7+
茂密,new-7+
勤劳,new-7+
邮局,new-4
写字楼,new-6
水槽,new-7+
酒鬼,new-5
开朗,new-7+
冷水,new-6
追悼,old-6
规章,old-6
人工智能,new-7+
虚荣,old-6
一晃,new-7+
各抒己见,old-6
摆动,new-4
无不,new-7+
限定,new-7+
难说,new-7+
静止,new-7+
津贴,new-7+
勇往直前,new-7+
调试,new-7+
同人,new-7+
防火墙,new-7+
容量,new-7+
建交,new-7+
大伙儿,new-5
走进,new-2
心得,new-7+
绘声绘色,new-7+
喜好,new-7+
着实,new-7+
想方设法,new-7+
大有可为,new-7+
名言,new-7+
轻而易举,new-7+
团员,new-7+
贵重,new-7+
附带,new-7+
前沿,new-7+
指手画脚,new-7+
剧团,new-7+
苦笑,new-7+
把关,new-7+
牵涉,new-7+
五花八门,new-7+
功劳,new-7+
治理,new-5
宏观,new-7+
分外,new-7+
财经,new-7+
这样一来,new-7+
民工,new-6
冷落,new-7+
初次,new-7+
屡次,new-7+
海啸,new-7+
普通话,new-2
化险为夷,new-7+
赢家,new-7+
到头来,new-7+
院士,new-7+
老头儿,new-3
劫持,new-7+
检察,new-7+
节衣缩食,new-7+
大幅度,new-7+
遗址,new-7+
醒悟,new-7+
口感,new-7+
壮观,new-6
大棚,new-7+
二氧化碳,new-7+
背心,new-6
见闻,old-6
只顾,new-6
稻谷,old-6
一年到头,new-7+
语法,new-4
本分,new-7+
就诊,new-7+
挂念,new-7+
摄取,old-6
有声有色,new-7+
人文,new-7+
存放,new-7+
茶馆儿,new-7+
接替,new-7+
畏惧,new-7+
立功,new-7+
发酵,new-7+
组装,new-7+
秘方,new-7+
无微不至,new-7+
多元,new-7+
旅行社,new-3
后裔,new-7+
别提了,new-7+
投射,new-7+
任人宰割,new-7+
冷酷,new-7+
热衷,new-7+
长期以来,new-7+
深思,new-7+
难处,new-7+
衍生,new-7+
推理,new-7+
船只,new-6
多元化,old-6
日新月异,new-7+
法制,new-5
遗愿,new-7+
暴利,new-7+
拥护,new-7+
健壮,new-7+
纽扣,new-7+
狡猾,new-7+
好学,new-6
叫作,new-2
学问,new-4
默默无闻,new-7+
杠铃,new-7+
乘人之危,new-7+
繁重,new-7+
磋商,new-7+
猜谜,new-7+
影星,new-6
孤零零,new-7+
司空见惯,new-7+
馅儿,new-7+
跳伞,new-7+
开辟,new-7+
火速,new-7+
膨胀,new-7+
风水,new-7+
全心全意,new-7+
讹诈,new-7+
马虎,new-7+
俄语,new-7+
结实,new-3
略微,new-7+
插图,new-7+
盖子,new-7+
中期,new-6
关头,new-7+
灼热,new-7+
相约,new-7+
扣人心弦,new-7+
缺口,new-7+
公共场所,new-7+
累计,new-7+
大于,new-5
矮小,new-4
日趋,new-7+
簇拥,new-7+
喜庆,new-7+
西班牙语,new-6
立体,new-7+
配送,new-7+
喜事,new-7+
概括,new-4
和蔼,new-7+
全文,new-7+
救治,new-7+
相传,new-7+
历程,new-7+
野营,new-7+
厚度,new-7+
随时随地,new-7+
得失,new-7+
咧嘴,new-7+
责备,new-7+
饲料,new-7+
卖弄,new-7+
踊跃,new-7+
凉爽,new-7+
得当,new-7+
吉利,new-6
乡亲,new-7+
奶粉,new-6
标点,old-5
景区,new-7+
芭蕾,new-7+
觉醒,new-7+
拉动,new-7+
出具,new-7+
本子,new-1
作文,new-2
出头,new-7+
麻将,new-7+
坦然,new-7+
话剧,new-3
年迈,new-7+
分明,new-7+
高峰期,new-7+
责怪,new-7+
出难题,new-7+
精妙,new-7+
衰减,new-7+
宽度,new-5
弘扬,new-7+
间隔,new-7+
遗物,new-7+
顽固,new-7+
朝夕相处,new-7+
双打,new-6
不屑一顾,old-6
序幕,new-7+
宝库,new-7+
亲和力,new-7+
背面,new-7+
选用,new-7+
下一代,new-7+
鲁莽,new-7+
纪录片,new-7+
悠闲,new-7+
旁观,new-7+
崇尚,new-7+
画册,new-7+
一律,new-4
端午节,new-6
元宵节,new-7+
一塌糊涂,new-7+
放暑假,old-4
藏匿,new-7+
针锋相对,new-7+
切身,new-7+
不太,new-2
前无古人,new-7+
密封,new-7+
官僚主义,new-7+
照例,new-7+
亏本,new-7+
大包大揽,new-7+
通畅,new-7+
启示,new-7+
足迹,new-7+
系领带,old-5
随处可见,new-7+
平原,new-5
强项,new-7+
少有,new-7+
珍藏,new-7+
礼节,old-6
忙乱,new-7+
行李箱,old-3
凳子,new-7+
科幻,new-7+
指着,new-6
笼罩,new-7+
敲边鼓,new-7+
布局,new-7+
公款,new-7+
缴纳,new-7+
安眠药,new-7+
耽搁,new-7+
钳子,new-7+
国籍,new-5
技艺,new-7+
落成,old-6
习俗,new-7+
渔民,new-7+
透支,new-7+
燃油,new-7+
耐用,old-6
落下,new-7+
电灯,new-4
烧毁,new-7+
推卸,new-7+
有所不同,new-7+
水涨船高,new-7+
随大溜,new-7+
萌发,new-7+
生平,new-7+
派别,new-7+
蚊子,new-7+
厌烦,new-7+
人缘儿,new-7+
刚毅,new-7+
斑纹,old-6
堵塞,new-7+
资深,new-7+
队形,new-7+
兜儿,new-7+
不值,new-6
补救,new-7+
共计,new-5
典范,new-7+
违章,new-7+
攻克,old-6
布告,old-6
特质,new-7+
素食,new-7+
扣押,new-7+
遏制,new-7+
考核,new-5
从业,new-7+
挤压,new-7+
尖锐,new-7+
田径,new-6
顾全大局,new-7+
嫌弃,new-7+
境外,new-7+
吉普,new-7+
乒乓球,new-7+
风和日丽,new-7+
素不相识,new-7+
致富,new-7+
打牌,new-6
能干,new-4
微博,new-5
补习,new-6
袖手旁观,new-7+
抚摸,new-7+
阐述,new-7+
帐子,new-7+
恐吓,new-7+
留学,new-3
用意,new-7+
返还,new-7+
总量,new-6
住户,new-7+
份额,new-7+
禁不住,new-7+
学时,new-4
流利,new-2
衬托,new-7+
恼羞成怒,new-7+
要紧,new-7+
亲情,new-7+
外头,new-6
从容,new-7+
要强,new-7+
改动,new-7+
高考,new-6
励志,new-7+
悬念,new-7+
耐性,new-7+
精细,new-7+
理科,new-7+
泛滥,new-7+
有一些,new-1
大使馆,new-3
把戏,old-6
换位,new-7+
改日,new-7+
工商,new-6
西医,new-2
取缔,new-7+
谁知道,new-7+
胆小鬼,old-5
主妇,new-7+
要好,new-6
转机,new-7+
平行,old-6
惊慌失措,new-7+
敬爱,new-7+
白白,new-7+
得不偿失,new-7+
书包,new-1
验收,new-7+
比重,new-5
阻力,new-7+
顺手,new-7+
不敢当,new-5
相提并论,new-7+
望见,new-6
畅谈,new-7+
威望,old-6
占卜,new-7+
沾光,new-7+
胶片,new-7+
中华,new-6
点击率,new-7+
晚年,new-7+
秀丽,new-7+
秘诀,new-7+
重创,new-7+
口试,new-6
办学,new-6
发愤图强,new-7+
揣测,new-7+
下海,new-7+
欣喜,new-7+
贯彻,new-7+
燃放,new-7+
没落,new-7+
美景,new-7+
骤然,new-7+
文凭,new-7+
激起,new-7+
外企,new-7+
严禁,new-7+
掌管,new-7+
交替,new-7+
转告,new-4
古朴,new-7+
黑板,new-2
罢休,new-7+
公函,new-7+
观感,new-7+
夜校,new-7+
疼爱,old-5
宠爱,new-7+
腐朽,new-7+
低温,new-6
打印机,new-6
稳妥,new-7+
分量,new-7+
办事处,new-6
埋怨,new-7+
任性,old-6
胜出,new-7+
心灵手巧,new-7+
红眼,new-7+
久违,new-7+
眼红,new-7+
却是,new-6
外公,new-7+
长辈,new-7+
治病,new-6
互补,new-7+
写照,new-7+
搞笑,new-7+
运算,old-6
纬度,new-7+
凄凉,new-7+
中性,new-7+
遗留,new-7+
真空,new-7+
鹤立鸡群,new-7+
自始至终,new-7+
成型,new-7+
解答,new-7+
钉子,new-7+
构想,new-7+
追赶,new-7+
见效,new-7+
陈旧,new-7+
杂技,new-7+
前赴后继,new-7+
靠拢,new-7+
干杯,new-2
向着,new-7+
鞭策,new-7+
池子,new-5
健身房,old-5
牧民,new-7+
捣乱,new-7+
外卖,new-2
没劲,new-7+
壮烈,old-6
羊肉,old-2
颠簸,old-6
相辅相成,new-7+
恼火,old-6
盗版,new-6
渊源,new-7+
定金,new-7+
鲜美,new-7+
迁徙,old-6
福气,new-7+
本意,new-7+
浓缩,new-7+
变换,new-6
开场白,new-7+
零售,new-7+
紧缺,new-7+
农历,new-7+
合作社,new-7+
领事馆,new-7+
含蓄,new-7+
怀旧,new-7+
请坐,new-1
按理说,new-7+
无所事事,new-7+
初一,new-3
血缘,new-7+
交付,new-7+
领队,new-7+
逐年,new-7+
联网,new-7+
博览会,new-5
颓废,new-7+
拐杖,new-7+
着落,new-7+
轻蔑,new-7+
移交,new-7+
像样,new-7+
不了了之,new-7+
其后,new-7+
社团,new-7+
交警,new-3
大体,new-7+
境遇,new-7+
公证,new-7+
触动,new-7+
归宿,new-7+
乘车,new-5
抢眼,new-7+
卤味,new-7+
吸纳,new-7+
稳健,new-7+
拘束,new-7+
叫好,new-7+
剥削,new-7+
对立,new-5
属性,new-7+
显眼,new-7+
堤坝,new-7+
报亭,new-7+
替身,new-7+
开设,new-6
吃力,new-5
乃至,new-7+
零花钱,new-7+
争先恐后,new-7+
基准,new-7+
锤子,new-7+
照相机,old-3
省事,new-7+
卷子,new-7+
日语,new-6
柴油,old-6
振兴,new-7+
帮手,new-7+
巨头,new-7+
乞求,new-7+
刹那,old-6
坚固,new-4
竣工,new-7+
偷窥,new-7+
亲属,new-6
不用说,new-7+
轮船,new-4
无可奈何,new-7+
过道,new-7+
虚构,new-7+
席位,new-7+
抒情,new-7+
月票,new-7+
迭起,new-7+
培训班,new-4
勾结,new-7+
动向,new-7+
致使,new-7+
转型,new-7+
搭乘,new-7+
孝顺,new-7+
改良,new-7+
歌颂,new-7+
理事,new-7+
情结,new-7+
一筹莫展,new-7+
清明节,new-6
停泊,new-7+
盆地,old-6
高雅,new-7+
表率,new-7+
十字路口,new-7+
针灸,new-7+
自强不息,new-7+
加深,new-7+
座右铭,new-7+
泄密,new-7+
热气球,new-7+
羽绒服,new-5
配置,new-6
降温,new-4
歌剧,new-7+
索性,new-7+
子孙,new-7+
跑道,new-7+
合资,new-7+
师生,new-6
迟缓,old-6
冰雪,new-4
矿泉水,new-4
硬件,new-5
触犯,new-7+
忌口,new-7+
年终,new-7+
初衷,new-7+
衔接,new-7+
继父,new-7+
附件,new-5
密不可分,new-7+
悦耳,new-7+
视角,new-7+
由来,new-7+
下跌,new-7+
纵容,new-7+
心安理得,new-7+
铲子,new-7+
滨海,new-7+
劳务,new-7+
礁石,new-7+
化验,new-7+
衣裳,old-6
银牌,new-3
古迹,new-7+
旺盛,new-7+
胆子,new-7+
结冰,new-7+
必修,new-6
成心,old-6
施展,old-6
钟头,new-6
惊心动魄,new-7+
扑克,new-7+
追悼会,new-7+
小费,new-6
按说,new-7+
团聚,new-7+
深奥,new-7+
妥善,new-7+
募捐,new-7+
尽早,new-7+
大米,new-6
奖项,new-7+
审美,new-7+
出台,new-6
思索,new-7+
钻研,new-7+
朴实,new-7+
熙熙攘攘,new-7+
疗效,new-7+
虫子,new-4
完整,new-7+
惭愧,new-7+
老远,new-7+
悬崖,new-7+
盘旋,old-6
颠倒,new-7+
压缩,new-7+
甚至于,new-7+
纵然,new-7+
广义,new-7+
单方面,new-7+
瓜分,new-7+
牵扯,new-7+
峰回路转,new-7+
眼界,new-7+
辩证,old-6
辜负,new-7+
税务,new-7+
生疏,old-6
领取,new-6
载体,new-7+
开销,new-7+
单边,new-7+
朗读,new-5
胶带,new-5
看样子,new-7+
难为情,new-7+
小学生,new-1
得力,new-7+
陶冶,new-7+
象棋,old-5
办不到,new-7+
造纸术,new-7+
谅解,new-7+
前台,new-7+
斯文,old-6
笼子,new-7+
表面上,new-6
黑马,new-7+
勾画,new-7+
闭塞,old-6
刻苦,new-7+
温带,old-6
千家万户,new-7+
合情合理,new-7+
慢慢来,new-7+
不要紧,new-4
剧烈,new-7+
饱和,new-7+
并行,new-7+
上期,new-7+
凉鞋,new-6
道教,new-6
烟囱,new-7+
缝合,new-7+
兴建,new-7+
丘陵,new-7+
一眼,new-7+
家喻户晓,new-7+
姑姑,new-6
时时,new-6
毅然,new-7+
奔波,new-7+
休养,new-7+
间断,new-7+
汇集,new-7+
反响,new-6
隐性,new-7+
告辞,new-7+
张贴,new-7+
名次,old-6
可贵,new-7+
微观,new-7+
晋升,new-7+
风貌,new-7+
工商界,new-7+
着力,new-7+
复查,new-7+
趁机,new-7+
礼堂,new-6
宫殿,new-7+
跟前,new-5
括号,new-4
万万,new-7+
背着,new-6
沉淀,new-7+
评定,new-7+
炉子,new-7+
坚硬,new-7+
污蔑,old-6
卓越,new-7+
宫廷,new-7+
瞻仰,new-7+
尖端,new-7+
误区,new-7+
各式各样,new-7+
优质,new-6
专题,new-3
好似,new-6
忽悠,new-7+
喷泉,new-7+
浏览器,new-7+
疲倦,new-7+
堡垒,new-7+
消沉,new-7+
顺路,new-7+
稳固,new-7+
土生土长,new-7+
湖泊,new-7+
优良,new-4
未免,new-7+
修路,new-7+
涨价,new-5
跳动,new-7+
启程,old-6
取而代之,new-7+
墓碑,new-7+
毅力,new-7+
听力,new-3
送别,new-7+
文献,new-7+
对得起,new-7+
增收,new-7+
固然,new-7+
雄厚,new-7+
流转,new-7+
会意,new-7+
焦躁,new-7+
床位,new-7+
获悉,new-7+
官兵,new-7+
熄火,new-7+
厂商,new-6
大宗,new-7+
得体,new-7+
来源于,new-7+
忌讳,new-7+
提拔,new-7+
剪子,new-5
扩充,old-6
外语,new-1
花卉,new-7+
外观,new-6
简化,new-7+
竟敢,new-7+
反倒,new-7+
益处,new-7+
吹了,new-7+
千方百计,new-7+
风雨,new-7+
嘱咐,new-7+
累积,new-7+
引诱,new-7+
振奋,new-7+
功底,new-7+
用途,new-6
浩劫,new-7+
惊叹,new-7+
下山,new-7+
百分点,new-6
呻吟,old-6
微型,new-7+
教材,new-3
劝告,new-7+
归属,new-7+
大街小巷,new-7+
电铃,new-7+
周到,new-7+
辩解,new-7+
殿堂,new-7+
根深蒂固,new-7+
不肯,new-7+
山坡,new-6
整顿,new-6
平坦,new-5
优越,new-7+
就餐,new-7+
本钱,new-7+
嫦娥,new-7+
拖鞋,new-6
目不转睛,new-7+
裁定,new-7+
说闲话,new-7+
香油,new-7+
平方米,new-6
流露,new-7+
亲友,new-7+
取款,new-6
沉思,new-7+
融洽,new-7+
炎热,new-7+
咽喉,new-7+
打量,new-7+
呼风唤雨,new-7+
上进心,old-6
锦绣前程,old-6
独唱,new-7+
缓和,new-7+
威慑,new-7+
举世闻名,new-7+
装卸,old-6
回忆录,new-7+
晶莹,new-7+
神仙,new-7+
类别,new-7+
转悠,new-7+
笑话儿,new-2
走后门,new-7+
焰火,new-7+
狼狈,new-7+
气馁,new-7+
催眠,new-7+
阶层,new-7+
安抚,new-7+
终年,old-6
组长,new-2
生硬,new-7+
工艺,new-5
起义,old-6
诞辰,new-7+
本领,new-3
天线,new-7+
接通,new-7+
领会,new-7+
吉祥,new-6
刷牙,new-4
失利,new-7+
遮盖,new-7+
一连串,new-7+
伦理,new-7+
巴不得,new-7+
恰恰相反,new-7+
留念,new-7+
文科,new-7+
定价,new-6
个案,new-7+
瓦解,old-6
仿制,new-7+
百科全书,new-7+
天主教,new-7+
招收,new-7+
立方米,new-7+
周密,new-7+
振作,new-7+
城墙,new-7+
日前,new-7+
隔阂,new-7+
碧玉,old-6
抵挡,new-7+
沐浴露,new-7+
开发区,new-7+
算盘,new-7+
剧目,new-7+
精通,new-7+
不算,new-7+
水库,new-5
大雁,new-7+
杨树,new-7+
窗台,new-4
遇险,new-7+
直观,new-7+
敬佩,new-7+
帝国主义,new-7+
潜水,new-7+
赛跑,new-7+
核电站,new-7+
直奔,new-7+
肥皂,new-7+
解围,new-7+
手势,new-7+
赞许,new-7+
身躯,new-7+
酒楼,new-7+
士气,new-7+
大大咧咧,new-7+
一丝不苟,old-6
画龙点睛,new-7+
妨害,new-7+
歌舞,new-7+
过滤,new-7+
球鞋,new-2
当之无愧,new-7+
公费,new-7+
滑稽,new-7+
史无前例,new-7+
私营,new-7+
浓郁,new-7+
沧桑,new-7+
涌现,new-7+
发起人,new-7+
不服气,new-7+
票价,new-3
可谓,new-7+
仲裁,new-7+
轻视,old-5
串门,new-7+
丰硕,new-7+
特长,new-7+
女婿,new-7+
豆浆,new-7+
多样,new-4
温度计,new-7+
海峡,new-7+
细致,new-4
报刊,new-6
逝世,new-7+
朗诵,new-7+
抄写,new-4
同年,new-7+
恶性,new-7+
萧条,new-7+
发愣,new-7+
奔赴,new-7+
伯父,new-7+
礼仪,new-7+
劲头,new-7+
平和,new-7+
颠覆,new-7+
无可奉告,new-7+
苏醒,new-7+
端正,new-7+
起伏,new-7+
低价,new-7+
大妈,new-4
第一线,new-7+
徒步,new-7+
钢笔,new-5
字迹,new-7+
主权,new-7+
受过,new-7+
出主意,new-7+
迸发,old-6
害臊,new-7+
笨重,new-7+
名利,new-7+
要害,new-7+
赶忙,new-6
譬如,new-7+
仓促,old-6
气泡,new-7+
通顺,new-7+
吉祥物,new-7+
气魄,new-7+
突如其来,new-7+
急剧,new-7+
腐蚀,new-7+
调研,new-6
方方面面,new-7+
多劳多得,new-7+
冰雹,old-6
结识,new-7+
小卒,new-7+
无须,new-7+
功力,new-7+
新式,new-7+
游人,new-6
空难,new-7+
患有,new-7+
愈演愈烈,new-7+
确立,new-5
内幕,new-7+
光滑,new-7+
火腿,new-5
礼品,new-7+
枯竭,old-6
中型,new-7+
钻空子,new-7+
贺电,new-7+
闻名,new-7+
原装,new-7+
世界观,old-6
节气,new-7+
只见,new-5
基督教,new-6
独裁,old-6
雨衣,new-6
呵护,new-7+
就医,new-7+
纪念碑,new-7+
盛产,old-6
攻关,new-7+
陡峭,old-6
基层,new-7+
壮实,new-7+
夸奖,new-7+
疏通,new-7+
野心,new-7+
勺子,old-5
惋惜,new-7+
开动,new-7+
骚乱,new-7+
中药,new-5
大同小异,new-7+
书架,new-3
寂静,new-7+
随心所欲,new-7+
敬请,new-7+
有一点儿,new-2
冷笑,new-7+
总和,old-6
率领,new-5
心疼,new-5
踏实,new-6
岳母,new-7+
体能,new-7+
出土,new-7+
相比之下,new-7+
家政,new-7+
应邀,new-7+
掉头,new-7+
过失,new-7+
充电器,new-4
公然,new-7+
拍板,new-7+
犹豫不决,new-7+
申办,new-7+
慷慨,new-7+
产地,new-7+
操练,old-6
攻读,new-7+
样式,old-5
月饼,new-5
舒畅,new-7+
厄运,new-7+
祖宗,new-7+
得意扬扬,new-7+
弥漫,new-7+
赶不上,new-6
有条不紊,old-6
卑鄙,new-7+
棋子,new-7+
滑梯,new-7+
处长,new-6
比比皆是,new-7+
衣食住行,new-7+
触目惊心,new-7+
不平,new-7+
腊月,new-7+
恭维,new-7+
郑重,new-7+
简体字,new-7+
制约,new-5
胡说,new-7+
后顾之忧,new-7+
开花,new-4
干部,new-7+
漠然,new-7+
出风头,new-7+
巩固,new-6
半数,new-7+
上边,new-1
阵容,new-7+
字眼,new-7+
说干就干,new-7+
鞭炮,new-7+
填充,new-7+
必将,new-6
乌黑,old-6
发源地,new-7+
请示,old-6
留心,new-7+
见多识广,old-6
北极,new-5
变更,new-6
准许,new-7+
气压,old-6
红扑扑,new-7+
封建,new-7+
一概,new-7+
转折,new-7+
底层,new-7+
毫不犹豫,new-7+
秘书长,new-6
打官司,new-6
盛开,new-7+
优异,new-7+
超前,new-7+
工科,new-7+
绝缘,new-7+
示意,new-7+
镇压,old-6
权衡,new-7+
同期,new-6
干劲,old-6
大都,new-5
历代,old-6
空前绝后,old-6
偏僻,new-7+
荧屏,old-6
野炊,new-7+
忠贞,new-7+
衰竭,new-7+
各奔前程,new-7+
进场,new-7+
常年,new-6
网址,new-4
新房,new-7+
取款机,new-6
不解,new-7+
编制,new-6
容许,new-7+
笨拙,old-6
嫁妆,new-7+
风土人情,old-6
原材料,new-7+
兴致,new-7+
考量,new-7+
濒临,old-6
薄弱,new-5
生锈,old-6
效益,new-7+
二手车,new-7+
惨白,new-7+
爆竹,new-7+
座谈,new-7+
难看,new-2
适宜,new-7+
约定俗成,new-7+
封顶,new-7+
无动于衷,old-6
相伴,new-7+
条理,old-6
眉开眼笑,new-7+
下游,new-7+
信箱,new-5
分赃,new-7+
乞丐,new-7+
让座,new-6
孪生,new-7+
自责,new-7+
燃气,new-7+
详尽,new-7+
一齐,new-6
没事儿,new-1
口香糖,new-7+
助威,new-7+
阔绰,new-7+
儿女,new-5
疗养,new-4
圆形,new-7+
指头,new-6
苦练,new-7+
词汇,new-4
栏目,new-6
教育部,new-6
格式,new-7+
破解,new-7+
用得着,new-6
非金属,new-7+
顺应,new-7+
期末,new-4
下楼,new-4
用法,new-6
天分,new-7+
畅销,new-7+
耳熟能详,new-7+
接班,new-7+
上楼,new-4
门当户对,new-7+
山岭,new-7+
儒学,new-7+
急于,new-7+
经商,new-7+
打猎,new-7+
黑心,new-7+
抹杀,old-6
废寝忘食,new-7+
拿出,new-2
啰唆,old-6
斧子,new-7+
力图,old-6
航运,new-7+
风餐露宿,new-7+
片面,new-4
洗涤剂,new-7+
一系列,new-7+
帆船,new-7+
显示器,new-7+
生命线,new-7+
网点,new-7+
媲美,new-7+
深远,new-7+
印章,new-7+
霍乱,new-7+
新兴,new-6
恩情,new-7+
登机牌,old-5
有幸,new-7+
青春期,new-7+
梳理,new-7+
心血,new-7+
先天,new-7+
叛逆,new-7+
正宗,new-7+
国徽,new-7+
隔开,new-4
小心翼翼,new-7+
养活,new-7+
考古,old-6
局限,new-7+
追尾,new-7+
哄堂大笑,new-7+
动听,new-7+
兴奋剂,new-7+
亚军,new-5
取笑,new-7+
托付,new-7+
诸多,new-7+
摇篮,new-7+
这就是说,new-6
口罩,new-7+
排球,new-2
公道,new-7+
沼泽,new-7+
喜出望外,new-7+
明媚,new-7+
迁就,new-7+
下期,new-7+
站立,new-7+
忘不了,new-7+
推算,new-7+
传人,new-7+
吓唬,new-7+
可观,new-7+
伶俐,old-6
下岗,new-7+
深化,new-6
除夕,new-5
深厚,new-4
狭窄,new-7+
现成,new-7+
明信片,old-5
一个劲儿,new-7+
塑料袋,new-4
夺魁,new-7+
物价,new-5
收听,new-3
议程,new-7+
公益性,new-7+
闪烁,new-7+
摆放,new-7+
陈列,new-7+
伯母,new-7+
更衣室,new-7+
绯闻,new-7+
裁员,old-6
走弯路,new-7+
模特儿,new-4
粗糙,new-7+
刻不容缓,old-6
似曾相识,new-7+
意向,new-7+
驰名,new-7+
地域,new-7+
奖赏,old-6
西餐,new-2
恨不得,new-7+
看得见,new-6
定向,new-7+
渡过,new-7+
民警,new-6
侧重,new-7+
祝愿,new-6
不像话,new-7+
统筹兼顾,old-6
显而易见,new-7+
衣架,new-3
流量,new-7+
减压,new-7+
手掌,new-7+
高昂,new-7+
羞愧,new-7+
过年,new-2
时好时坏,new-7+
空闲,old-5
排放,new-7+
辨别,new-7+
懂事,new-7+
照应,old-6
解析,new-7+
送行,new-6
差一点儿,new-5
信贷,new-7+
序言,old-6
伺候,new-7+
侃大山,new-7+
尺子,new-4
皮鞋,new-5
兜售,new-7+
庄严,new-7+
乘务员,old-6
常温,new-7+
总计,new-7+
正负,old-6
深沉,old-6
配套,new-5
记号,new-7+
无形,new-7+
纪实,new-7+
时而,new-6
波澜,new-7+
观测,new-7+
粪便,new-7+
遵照,new-7+
曲折,new-7+
奇花异草,new-7+
无赖,old-6
起到,new-5
认错,new-7+
分化,new-7+
订婚,new-7+
慢车,new-6
互信,new-7+
烘干,new-7+
败坏,old-6
当务之急,new-7+
暧昧,old-6
讨人喜欢,new-7+
焦距,new-7+
酿造,new-7+
从今以后,new-7+
倒车,new-4
根治,new-7+
荧光,new-7+
后年,new-3
后遗症,new-7+
做生意,new-7+
白领,new-6
创始人,new-7+
菩萨,new-7+
一干二净,new-7+
看得起,new-6
还原,new-7+
掏钱,new-7+
搁浅,new-7+
爱戴,old-6
厘米,new-4
状元,new-7+
回信,new-5
受灾,new-5
晕倒,new-7+
听讲,new-2
祭祀,new-7+
自信心,new-7+
夜市,new-7+
函授,new-7+
有空儿,new-2
常用,new-2
烈士,new-7+
说老实话,new-7+
如果说,new-7+
致辞,new-7+
火柴,new-5
辞退,new-7+
亚运会,new-4
伤脑筋,new-7+
灵敏,new-7+
阎王,new-7+
专人,new-7+
师长,new-7+
转达,new-7+
水稻,new-7+
无理,new-7+
标语,new-7+
常态,new-7+
算计,new-7+
圈套,new-7+
愈来愈,new-7+
打磨,new-7+
硬朗,new-7+
清洁工,new-6
揭示,new-7+
难点,new-7+
视察,new-7+
争光,new-7+
督促,new-7+
简洁,new-7+
防卫,new-7+
家禽,new-7+
容貌,old-6
喧哗,new-7+
溜达,new-7+
友人,new-7+
深情,new-7+
好奇心,new-7+
扶持,new-7+
气功,old-6
别致,new-7+
有望,new-7+
小溪,new-7+
下坠,new-7+
自然界,new-7+
灰心,new-7+
肥料,new-7+
神气,new-7+
木板,new-7+
高傲,new-7+
反面,new-7+
止血,new-7+
狠心,old-6
炎症,new-7+
社论,new-7+
怨气,new-7+
嫂子,new-7+
尼龙,new-7+
午睡,new-2
凯歌,new-7+
防盗,new-7+
收买,new-7+
萎缩,new-7+
踪迹,old-6
体谅,new-7+
烤鸭,new-5
庙会,new-7+
酌情,new-7+
看得出,new-7+
酱油,new-6
出山,new-7+
举世瞩目,new-7+
不客气,new-1
惊天动地,new-7+
窗子,new-4
凭着,new-7+
以至,old-6
喜糖,new-7+
求学,new-7+
文盲,new-7+
相差,new-7+
公安局,new-7+
原有,new-5
出游,new-7+
号召,new-5
自发,new-7+
纳税人,new-7+
诚挚,new-7+
下级,new-7+
劣质,new-7+
遭殃,new-7+
淡季,new-7+
幸免,new-7+
接连,new-5
私事,new-7+
牵挂,new-7+
电子版,new-5
暑期,new-7+
夸大,new-7+
双向,new-7+
异口同声,new-7+
下功夫,new-7+
调料,new-7+
抢夺,new-7+
仇人,new-7+
周转,old-6
顺势,new-7+
不服,new-7+
地下水,new-7+
共同体,new-7+
举例,new-7+
峡谷,new-7+
无边,new-6
诀窍,new-7+
新潮,new-7+
抽象,new-7+
增多,new-5
吸管,new-4
感想,new-5
看护,new-7+
热潮,new-7+
清静,new-7+
容纳,new-7+
洽谈,new-7+
液晶,new-7+
茄子,new-6
全长,new-7+
期中,new-4
换言之,new-7+
报答,new-5
图纸,new-7+
附属,new-7+
没辙,new-7+
千钧一发,new-7+
大模大样,new-7+
一味,new-7+
过剩,new-7+
明朗,new-7+
相继,new-7+
双边,new-7+
控告,new-7+
旭日,new-7+
计时,new-7+
世界级,new-7+
苗条,new-7+
蜜月,new-7+
年底,new-3
伤势,new-7+
有序,new-7+
同等,new-7+
味儿,new-4
合乎,new-7+
气管,new-7+
暗地里,new-7+
外交官,new-4
管用,new-7+
问世,new-7+
施压,new-7+
没完没了,new-7+
便道,new-7+
痴迷,new-7+
芬芳,new-7+
见解,new-7+
固体,old-5
养生,new-7+
外号,new-7+
顺畅,new-7+
涂抹,old-6
会场,new-7+
失传,new-7+
探求,new-7+
前边,new-1
有朝一日,new-7+
钩子,new-7+
主体,new-5
以身作则,new-7+
乡镇,old-6
惊慌,new-7+
对白,new-7+
生词,new-2
艰辛,new-7+
观望,new-7+
敦促,new-7+
专著,new-7+
苦心,new-7+
东张西望,new-7+
叹气,new-6
断裂,new-7+
保养,new-5
祖传,new-7+
耻笑,new-7+
拜年,new-7+
茶叶,new-4
压岁钱,old-6
外资,new-6
赞叹,new-7+
起程,new-7+
削弱,new-7+
用人,new-7+
受罪,old-6
环绕,new-7+
押金,new-5
破旧,new-7+
迟疑,new-7+
历来,new-7+
加紧,new-7+
客机,new-7+
吹捧,new-7+
表彰,new-7+
段落,new-7+
回首,new-7+
无足轻重,new-7+
括弧,new-7+
叉子,new-5
重阳节,old-6
名著,new-7+
书法,new-5
高明,new-7+
离谱儿,new-7+
慈祥,new-7+
年限,new-7+
散布,new-7+
攀登,old-6
驳回,new-7+
繁华,new-7+
投身,new-7+
发电机,new-7+
天桥,new-7+
筹办,new-7+
发火,new-7+
筛选,new-7+
南边,new-1
参照,new-7+
文具,new-7+
下棋,new-7+
款项,new-7+
火锅,new-7+
清真寺,new-7+
惯性,new-7+
动身,new-7+
厂家,new-7+
精练,new-7+
看热闹,new-7+
不为人知,new-7+
省会,old-6
情怀,new-7+
破灭,new-7+
哺乳,old-6
愚公移山,new-7+
长跑,new-6
空前,new-7+
无精打采,new-7+
领养,new-7+
跑龙套,new-7+
打雷,new-4
顾及,new-7+
观摩,new-7+
僧人,new-7+
肆无忌惮,old-6
动工,new-7+
混凝土,new-7+
倡议,new-7+
惹祸,old-6
借鉴,new-6
分工,new-6
清澈,old-6
埋伏,new-7+
留神,new-7+
替换,new-7+
公顷,new-7+
诬陷,old-6
错别字,new-7+
连忙,new-3
姑且,old-6
里边,new-1
宣读,new-7+
长寿,new-5
沿岸,new-7+
空想,new-7+
路灯,new-7+
紧凑,new-7+
间隙,new-7+
拐弯,new-7+
契机,new-7+
沸腾,new-7+
光环,new-7+
辨认,new-7+
出丑,new-7+
贫乏,old-6
不得已,new-7+
走过场,new-7+
知己,new-7+
一刹那,new-7+
树荫,new-7+
抑郁症,new-7+
方言,new-7+
金字塔,new-7+
无理取闹,old-6
切实,new-6
工作日,new-5
换取,new-7+
振动,new-5
呜咽,new-7+
闹着玩儿,new-7+
一举两得,old-6
翻番,new-7+
敬酒,new-7+
无所作为,new-7+
丢三落四,old-6
自相矛盾,new-7+
词典,new-2
演艺圈,new-7+
一成不变,new-7+
缓缓,new-7+
守株待兔,new-7+
松树,new-4
蓬勃,new-7+
忍饥挨饿,new-7+
章程,old-6
丑陋,new-7+
绿地,new-7+
建筑师,new-7+
欢声笑语,new-7+
体面,new-7+
试行,new-7+
筷子,new-2
自理,new-7+
磨难,new-7+
绝招,new-7+
测验,new-7+
吞咽,old-6
冰棍儿,new-7+
母鸡,new-6
磨合,new-7+
晚报,new-2
中小学,new-2
短促,old-6
后备箱,new-7+
竹子,new-5
班主任,old-5
围墙,new-7+
里头,new-2
刷子,new-4
配偶,new-7+
窘迫,new-7+
不起眼,new-7+
回升,new-7+
拓展,new-7+
不择手段,old-6
含糊,new-7+
选修,new-5
劳动力,new-7+
湿度,new-7+
罪魁祸首,new-7+
逃亡,new-7+
热水器,new-6
连同,old-6
试用期,new-7+
大体上,new-7+
演练,new-7+
耐人寻味,new-7+
查处,new-7+
命题,new-7+
缩水,new-7+
怠慢,new-7+
城区,new-6
报考,new-6
一技之长,new-7+
践踏,old-6
如意,new-7+
账号,new-7+
刷新,new-7+
波及,new-7+
俘虏,new-7+
特价,new-4
独立自主,new-7+
坏处,new-2
下个月,new-4
出口成章,new-7+
危及,new-7+
沐浴,old-6
独身,new-7+
奢望,new-7+
稿子,new-6
脱节,new-7+
怨恨,new-7+
美化,new-7+
科目,new-7+
腐烂,new-7+
东奔西走,new-7+
减免,new-7+
爪子,new-7+
文人,new-7+
官僚,new-7+
请教,new-3
赤道,old-6
风味,new-7+
果真,new-7+
好容易,new-6
诸如此类,new-7+
洗手间,new-1
聋哑,old-6
砂糖,new-7+
雷同,new-7+
过关,new-7+
惊醒,new-7+
新手,new-7+
涵义,new-7+
先例,new-7+
鉴别,new-7+
划时代,new-7+
惊动,old-6
兴致勃勃,old-6
自卑,new-7+
开创,new-6
砖瓦,old-6
抑扬顿挫,new-7+
日历,new-4
安详,old-6
入门,new-5
当日,new-7+
私自,new-7+
提纲,old-5
声调,old-5
破案,new-7+
笼统,new-7+
公事,new-7+
推选,new-7+
推断,new-7+
翻天覆地,new-7+
心病,new-7+
防汛,new-7+
酣睡,new-7+
细腻,new-7+
赶赴,new-7+
专科,old-6
哀求,new-7+
大数据,new-7+
快餐,new-2
强占,new-7+
悔恨,new-7+
自私自利,new-7+
由此可见,new-7+
岁数,new-6
做主,old-6
前者,new-7+
廉洁,new-7+
片断,old-6
补助,new-6
近代,new-4
好家伙,new-7+
交响乐,new-7+
较劲,new-7+
增值,new-6
日夜,new-6
内向,new-7+
正如,new-5
好坏,new-7+
喝彩,new-7+
山川,new-7+
锦旗,new-7+
荷花,new-7+
恳求,new-7+
过往,new-7+
字体,new-7+
大款,new-7+
跟上,new-7+
口碑,new-7+
行人,new-2
第一手,new-7+
良性,new-7+
滋润,new-7+
损人利己,new-7+
相声,new-5
淡水,old-6
阴天,new-2
整洁,new-7+
与日俱增,new-7+
响声,new-6
耿直,new-7+
起劲,new-7+
对峙,new-7+
课本,new-1
防盗门,new-7+
争分夺秒,new-7+
冒昧,new-7+
醒目,new-7+
招标,new-7+
接轨,new-7+
皮革,old-6
刮风,new-7+
香料,new-7+
港湾,old-6
与时俱进,new-7+
算数,old-6
直径,new-7+
新奇,new-7+
身价,new-7+
喜怒哀乐,new-7+
抽签,new-7+
充沛,new-7+
外文,new-3
万古长青,new-7+
杂交,new-7+
小贩,new-7+
饮水,new-7+
头头是道,new-7+
晴朗,new-5
挟持,new-7+
暴风骤雨,new-7+
慌忙,new-5
成天,new-7+
委婉,new-7+
一声不吭,new-7+
反驳,new-7+
全能,new-7+
渔船,new-7+
时节,new-6
研讨,new-7+
器械,new-7+
出人意料,new-7+
板块,new-7+
油画,new-7+
叶子,new-4
素材,new-7+
念书,new-7+
龙舟,new-7+
衰退,new-7+
譬如说,new-7+
海藻,new-7+
奶茶,new-3
人造,new-7+
据悉,new-7+
不慎,new-7+
动弹,new-7+
来龙去脉,new-7+
客运,new-7+
质朴,new-7+
巫婆,new-7+
相依为命,new-7+
注释,old-6
笛子,new-7+
难得一见,new-7+
可想而知,new-7+
柜子,new-5
请假,new-1
名副其实,new-7+
三维,new-7+
爆冷门,new-7+
领悟,new-7+
胆怯,new-7+
反差,new-7+
翻来覆去,new-7+
粽子,new-7+
进修,new-7+
抚养费,new-7+
感染力,new-7+
共性,new-7+
市场经济,new-7+
外边,new-1
知名度,new-7+
工序,new-7+
相通,new-7+
病床,new-7+
借条,new-7+
托运,old-6
坚韧,new-7+
超标,new-7+
废品,new-7+
大惊小怪,new-7+
脸盆,new-5
拟定,new-7+
中医,new-2
游泳池,new-5
使唤,new-7+
科研,new-6
远近闻名,new-7+
插手,new-7+
偏见,new-7+
次要,old-5
华裔,new-7+
牵头,new-7+
五颜六色,new-4
奸诈,new-7+
雨水,new-5
耻辱,new-7+
逼近,new-7+
稍候,new-7+
园林,new-5
鲜艳,new-5
下决心,new-7+
飘扬,old-6
甜头,new-7+
畏缩,new-7+
亲热,new-7+
提速,new-7+
斩钉截铁,old-6
专长,new-7+
估算,new-7+
宽阔,new-6
僵硬,old-6
原汁原味,new-7+
节俭,new-7+
古人,new-7+
无非,new-7+
痴心,new-7+
供奉,new-7+
逾期,new-7+
严谨,new-7+
分担,new-7+
重现,new-7+
茅台酒,new-7+
看台,new-7+
密集,new-7+
私有,new-7+
集结,new-7+
通缉,new-7+
高调,new-7+
挺好,new-2
留学生,new-2
霸占,new-7+
念念不忘,new-7+
爱不释手,new-7+
公婆,old-6
见过,new-2
洗礼,new-7+
苦力,new-7+
司长,new-6
松绑,new-7+
面目全非,new-7+
定时,new-6
嘲弄,new-7+
折叠,new-7+
临街,new-7+
柱子,new-6
革新,new-6
惩处,new-7+
疙瘩,old-6
中学生,new-1
精疲力竭,new-7+
谈到,new-7+
讲课,new-6
黄瓜,new-4
打盹儿,new-7+
反之,old-6
内科,new-4
升值,new-6
中庸,new-7+
舍得,new-5
眨眼,new-7+
构建,new-6
大批,new-6
雪上加霜,new-7+
交锋,new-7+
潜移默化,new-7+
堆积,old-6
半真半假,new-7+
伙食,new-7+
知觉,new-7+
纯朴,new-7+
苛刻,new-7+
就任,new-7+
回落,new-7+
吝啬,old-6
失恋,new-7+
连锁店,new-7+
不宜,new-7+
废除,new-7+
诀别,new-7+
缩影,new-7+
接听,new-7+
观赏,new-7+
稻草,new-7+
打捞,new-7+
修养,new-5
学子,new-7+
定论,new-7+
论证,new-7+
一言不发,new-7+
再三,new-4
连年,old-6
料理,new-7+
传单,old-6
试点,new-6
交集,new-7+
开天辟地,new-7+
戈壁,new-7+
书柜,new-5
推论,old-6
欠条,new-7+
小于,new-6
山顶,new-7+
挑起,new-7+
告诫,new-7+
话筒,new-7+
搏斗,new-7+
刊物,new-7+
电信,new-7+
阵地,old-6
平常心,new-7+
庆贺,new-7+
流向,new-7+
绿茶,new-3
常人,new-7+
风度,new-5
展望,new-7+
早年,new-7+
一点点,new-2
职业病,new-7+
垂直,old-6
车轴,new-7+
后勤,new-7+
神情,new-5
诽谤,new-7+
学年,new-4
车速,new-7+
参展,new-6
讲解,new-7+
寄托,new-7+
无从,old-6
航天员,new-7+
瞩目,new-7+
还款,new-7+
格局,new-7+
一长一短,new-7+
张灯结彩,new-7+
猛然,new-7+
过奖,new-7+
点火,new-7+
清明,new-7+
佛教,new-6
悲欢离合,new-7+
落户,new-7+
出汗,new-5
姓氏,new-7+
轮子,new-4
祭奠,new-7+
泥土,new-7+
力争,new-7+
唯独,new-7+
配件,new-7+
流水,new-7+
并存,old-6
短缺,new-7+
水落石出,new-7+
比试,new-7+
出息,new-7+
纳入,new-7+
缤纷,new-7+
大熊猫,new-5
征收,new-7+
敬礼,new-7+
分组,new-3
凉快,new-2
音节,new-2
气派,new-7+
没说的,new-7+
过瘾,new-7+
打岔,new-7+
通红,new-6
阻挠,new-7+
丰满,new-7+
半信半疑,new-7+
缅怀,new-7+
奋力,new-7+
红酒,new-3
规格,new-7+
加盟,new-6
个儿,new-5
以致,new-7+
碍事,new-7+
后续,new-7+
上游,new-7+
修车,new-6
正版,new-5
光顾,new-7+
沉闷,new-7+
鲜明,new-4
上火,new-7+
俗语,new-7+
偷看,new-7+
内存,new-7+
千变万化,new-7+
慌乱,new-7+
自助,new-7+
和睦,new-7+
盲人,new-6
纪念馆,new-7+
经贸,new-7+
过早,new-7+
高铁,new-4
喂养,new-7+
挖苦,new-7+
妒忌,new-7+
栽培,new-7+
遍布,new-7+
铜牌,new-6
地铁站,new-2
络绎不绝,new-7+
徒弟,new-6
动感,new-7+
兴起,new-7+
连任,new-7+
应有尽有,new-7+
转学,new-7+
浮躁,new-7+
怡然自得,new-7+
买不起,new-7+
妥当,new-7+
捐助,new-6
举世无双,new-7+
少林寺,new-7+
总而言之,new-7+
投掷,old-6
出资,new-7+
对策,new-7+
倾家荡产,new-7+
可耻,new-7+
朱红,new-7+
点缀,new-7+
敦厚,new-7+
果断,new-7+
一无所知,new-7+
浸泡,new-7+
灵巧,new-7+
贪玩儿,new-7+
斟酌,old-6
跳高,new-3
百货,new-4
乐曲,new-6
陨石,new-7+
网民,new-7+
电子邮件,new-3
讲学,new-7+
全局,new-7+
近年来,new-7+
椰子,new-7+
机智,new-7+
朴素,new-7+
连续剧,new-3
有的放矢,new-7+
透气,new-7+
铭记,new-7+
草案,new-7+
扭头,new-7+
拨通,new-7+
高空,new-7+
方便面,new-2
螺丝钉,old-6
讨好,new-7+
豪迈,old-6
冷战,new-7+
恰到好处,new-7+
无恶不作,new-7+
盛气凌人,new-7+
实惠,new-5
枯燥,new-7+
粘贴,old-5
牢记,new-7+
胡思乱想,new-7+
木材,new-7+
纯净水,new-4
岛屿,new-7+
亲身,new-7+
螺丝,new-7+
武侠,old-6
开拓,new-7+
季军,old-6
直达,new-7+
严寒,old-6
毯子,new-7+
富强,new-7+
堵车,new-4
脉搏,new-7+
贤惠,old-6
打喷嚏,old-5
曙光,new-7+
四面八方,new-7+
监察,new-7+
饱经沧桑,old-6
厚道,new-7+
因人而异,new-7+
名牌儿,new-4
矛头,new-7+
地形,new-5
学分,new-4
物美价廉,old-6
月底,new-4
伸张,new-7+
担子,new-7+
依次,new-6
民用,new-7+
甘心,new-7+
解雇,new-7+
阿拉伯语,new-7+
土匪,new-7+
美满,new-7+
断绝,old-6
好歹,new-7+
日复一日,new-7+
英明,old-6
转眼,new-7+
万无一失,new-7+
外向,old-6
安逸,new-7+
易拉罐,new-7+
辞去,new-7+
逞能,new-7+
木匠,new-7+
感叹,new-7+
包扎,new-7+
沿途,new-7+
复印,new-3
亏损,new-7+
父女,new-6
重型,new-7+
岂有此理,new-7+
潜能,new-7+
有点儿,new-2
古董,new-7+
画展,new-7+
追问,new-7+
批发,new-7+
声誉,new-7+
忍心,new-7+
黄昏,new-7+
韵味,new-7+
开水,new-4
反过来,new-7+
重中之重,new-7+
知足,new-7+
怨言,new-7+
儿科,new-6
变迁,new-7+
源泉,new-7+
简介,new-6
理所当然,new-7+
路程,new-7+
必不可少,new-7+
路子,new-7+
达标,new-7+
一锅粥,new-7+
雌雄,old-6
截至,new-6
奏效,new-7+
前头,new-4
歪曲,new-7+
夜总会,new-7+
网吧,new-6
当着,new-7+
泄气,new-7+
墓地,new-7+
造福,new-7+
影视,new-3
宗旨,new-7+
交费,new-3
成家,new-7+
藏品,new-7+
作物,new-7+
下乡,new-7+
可口,new-7+
一鼓作气,new-7+
求医,new-7+
恍然大悟,new-7+
承包,new-7+
定居,new-7+
探望,new-7+
高低,new-7+
丝绸,new-7+
依托,new-7+
煤炭,new-7+
楼道,new-6
失灵,new-7+
不假思索,new-7+
彩电,new-7+
乞讨,new-7+
编排,new-7+
再现,new-7+
便捷,new-7+
儒家,new-7+
徐徐,new-7+
继往开来,old-6
顿时,new-7+
大肆,new-7+
往日,new-7+
奖牌,new-7+
殖民地,old-6
过问,old-6
机舱,new-7+
变质,new-7+
届时,new-7+
底子,new-7+
首脑,new-6
弟子,new-7+
活期,new-7+
根源,new-7+
絮叨,new-7+
崇敬,old-6
内需,new-7+
毛笔,new-5
电讯,new-7+
外币,new-6
意料之外,new-7+
余额,new-7+
邻国,new-7+
修长,new-7+
阶梯,new-7+
喘气,old-6
经纬,old-6
蕴涵,new-7+
高超,new-7+
次品,old-6
输出,new-5
平息,new-7+
眼色,new-7+
宁肯,old-6
司令,new-7+
颗粒,old-6
树梢,new-7+
饱满,new-7+
其间,new-7+
茂盛,new-7+
路人,new-7+
挥霍,old-6
公墓,new-7+
变故,old-6
界线,new-7+
镶嵌,new-7+
字典,new-2
脱身,new-7+
简易,new-7+
供不应求,new-7+
熄灭,old-6
嗅觉,new-7+
哗变,new-7+
修补,new-7+
栏杆,new-7+
思前想后,new-7+
脑筋,new-7+
不经意,new-7+
有两下子,new-7+
结算,old-6
王后,new-6
差点儿,new-5
偏远,new-7+
灭绝,new-7+
东道主,new-7+
温室,new-7+
航海,new-7+
本色,new-7+
军舰,new-6
日用品,old-5
小看,new-7+
急躁,old-6
轮流,new-7+
冰山,new-7+
节能,new-6
茅台,new-7+
左顾右盼,new-7+
年前,new-5
软实力,new-7+
烘托,new-7+
招数,new-7+
曲子,old-6
此起彼伏,new-7+
去向,new-7+
高额,new-7+
咬牙切齿,old-6
敏捷,new-7+
纳闷儿,new-7+
顾不上,new-7+
容颜,new-7+
敬意,new-7+
阅览室,new-5
复发,new-7+
牡丹,new-7+
两侧,new-6
窃取,new-7+
句子,new-2
催促,new-7+
请客,new-2
酝酿,new-7+
高科技,new-6
桔子,old-5
正月,old-6
升温,new-7+
手帕,new-7+
高新技术,new-7+
不易,new-5
艰险,new-7+
棘手,new-7+
拖欠,new-7+
真情,new-7+
折射,new-7+
旋涡,new-7+
恰如其分,new-7+
夏令营,new-7+
诧异,new-7+
鼻涕,new-7+
咀嚼,old-6
实地,new-7+
柳树,new-7+
说情,new-7+
乐谱,old-6
引人入胜,new-7+
所作所为,new-7+
轮廓,new-7+
诚意,new-7+
着眼,new-7+
采纳,new-6
盛情,old-6
归结,new-7+
去除,new-7+
富豪,new-7+
不定,new-7+
预习,new-3
响亮,new-7+
撤换,new-7+
平方,new-4
形影不离,new-7+
裸露,new-7+
大家庭,new-7+
求证,new-7+
搁置,new-7+
匿名,new-7+
暴躁,new-7+
正气,old-6
归纳,new-7+
长达,new-7+
迁移,new-7+
居民楼,new-7+
卧铺,new-6
老乡,new-6
弱势,new-7+
棺材,new-7+
陆地,new-4
算账,new-7+
莫非,new-7+
谈不上,new-7+
爱面子,new-7+
君子,new-7+
补课,new-6
车位,new-7+
称心如意,old-6
改名,new-7+
提炼,new-7+
傍晚,new-6
饶恕,new-7+
绷带,new-7+
顺心,new-7+
站住,new-2
承载,new-7+
标榜,new-7+
藏身,new-7+
趁着,new-7+
书写,new-7+
课文,new-1
平日,new-7+
牧场,new-7+
美观,new-7+
势不可当,new-7+
口才,new-7+
老伴儿,new-7+
照办,new-7+
巅峰,new-7+
子弟,new-7+
昼夜,new-7+
拼搏,new-7+
根基,new-7+
反动,old-6
骨气,new-7+
赡养,new-7+
动荡,new-7+
日后,new-7+
刻舟求剑,new-7+
那时候,new-2
领军,new-7+
交涉,new-7+
好意,new-7+
体育场,new-2
待会儿,new-6
僻静,new-7+
匪徒,old-6
脊梁,new-7+
保暖,new-7+
痛心,new-7+
鲜活,new-7+
亮点,new-7+
经久不息,new-7+
出访,new-6
撰写,new-7+
问卷,new-7+
俯首,new-7+
丑恶,new-7+
外籍,new-7+
大意,new-7+
谎话,new-7+
选项,new-7+
潦草,new-7+
长处,new-3
有口无心,new-7+
朝代,new-7+
口腔,new-7+
争气,new-7+
提防,new-7+
多边,new-7+
悠久,new-7+
单一,new-5
姥爷,new-7+
申报,new-7+
文艺,new-5
住宿,new-7+
一帆风顺,new-7+
失效,new-7+
摧残,old-6
继而,new-7+
驱逐,new-7+
印证,new-7+
请帖,new-7+
绰号,new-7+
退却,new-7+
鼓动,new-7+
疲惫不堪,new-7+
自言自语,new-6
陷害,old-6
理直气壮,new-7+
说明书,new-6
飞速,new-7+
深刻,new-7+
开阔,new-7+
偏差,new-7+
倒计时,new-7+
考题,new-6
武力,new-7+
无偿,new-7+
露天,new-7+
不难,new-7+
迈进,new-7+
主题歌,new-7+
凶残,new-7+
异想天开,new-7+
多功能,new-7+
出任,new-7+
原型,new-7+
担负,new-7+
定心丸,new-7+
高原,new-5
很难说,new-6
众所周知,new-7+
飞禽走兽,old-6
改正,new-4
七嘴八舌,new-7+
冒充,new-7+
磁卡,new-7+
有的是,new-3
走漏,old-6
胸怀,old-6
瓶颈,new-7+
复兴,new-7+
弊端,new-7+
多半,new-6
难听,new-2
不见得,new-7+
造价,new-7+
滋长,old-6
扇子,new-5
孝敬,new-7+
刺绣,new-7+
更正,old-6
息息相关,new-7+
娇惯,new-7+
运河,new-7+
聊天儿,new-6
耸立,new-7+
坚实,new-7+
问路,new-2
不亚于,new-7+
住址,new-7+
用功,new-7+
敬业,new-7+
心慌,new-7+
烦躁,new-7+
山脉,old-6
锋利,old-6
敬而远之,new-7+
书橱,new-7+
怜惜,new-7+
电报,new-7+
递增,old-6
细微,new-7+
停滞,old-6
爱理不理,new-7+
来历,new-7+
成品,new-6
化肥,new-7+
附加,new-7+
掠夺,new-7+
暗杀,new-7+
极少数,new-7+
特快,new-6
铜矿,old-6
除外,new-7+
桂花,new-7+
城乡,new-6
着迷,new-7+
茫然,new-7+
雪山,new-7+
协同,new-7+
茫茫,old-6
学堂,new-7+
名气,new-7+
集邮,new-7+
尊贵,new-7+
众志成城,new-7+
举重,new-7+
向导,new-5
完备,new-7+
遇上,new-7+
羽毛球,new-5
洁净,new-7+
落差,new-7+
烦闷,new-7+
提心吊胆,new-7+
着眼于,new-7+
转让,new-5
来宾,new-7+
爆满,new-7+
雄伟,new-5
扫墓,new-7+
电动车,new-4
一天到晚,new-7+
救灾,new-5
扣留,new-7+
逼真,new-7+
舞厅,new-7+
师资,new-7+
兼容,new-7+
一行,new-6
外贸,new-7+
由衷,new-7+
后边,new-1
戏曲,new-6
精益求精,new-7+
堪称,new-7+
勉励,old-6
诚恳,new-7+
贺信,new-7+
并购,new-7+
阻拦,new-7+
反问,new-6
悼念,new-7+
外衣,new-6
学科,new-5
夕阳,old-6
胡乱,old-6
空隙,new-7+
拔苗助长,old-6
横向,new-7+
辞呈,new-7+
竞相,new-7+
熏陶,new-7+
二手,new-4
辫子,new-7+
鼠标,new-5
主人公,new-7+
不耻下问,new-7+
参见,new-7+
惦记,new-7+
夹子,old-5
公仆,new-7+
寝室,new-7+
寓意,new-7+
下旬,new-7+
宽松,new-7+
猛烈,new-7+
强加,new-7+
跳远,new-3
少不了,new-7+
寒暄,old-6
填写,new-7+
受害,new-7+
职能,new-5
零钱,new-7+
口头,new-7+
西边,new-1
耳环,old-6
差错,new-7+
比方,new-5
自卫,new-7+
公安,new-6
传染病,new-7+
欢快,new-7+
任期,new-7+
碰巧,new-7+
如醉如痴,new-7+
勤奋,new-5
计策,new-7+
变幻莫测,new-7+
低迷,new-7+
自学,new-6
祥和,new-7+
不知不觉,new-7+
俊俏,new-7+
一家人,new-7+
图表,new-7+
风浪,new-7+
马戏,new-7+
反思,new-7+
多方面,new-6
质问,new-7+
精明,new-7+
年初,new-3
兆头,new-7+
汉字,new-1
前期,new-7+
逞强,new-7+
地名,new-6
碰钉子,new-7+
瑞雪,new-7+
亮丽,new-7+
剔除,new-7+
备课,new-7+
笔试,new-6
绽放,new-7+
纳税,new-7+
挂号,new-7+
牢骚,old-6
现任,new-7+
觉悟,new-6
退缩,new-7+
据此,new-7+
罐头,new-7+
化石,new-5
上旬,new-7+
炒股,new-6
推敲,new-7+
这会儿,new-7+
萌芽,new-7+
对照,new-7+
谋求,new-7+
霸道,old-6
不耐烦,new-5
持之以恒,new-7+
酗酒,new-7+
大面积,new-7+
赞不绝口,new-7+
海内外,new-7+
收留,new-7+
汪洋,new-7+
失业率,new-7+
倒闭,new-4
奠定,new-7+
贮藏,new-7+
水温,new-7+
能耗,new-7+
性价比,new-7+
转折点,new-7+
红火,new-7+
光盘,new-4
足智多谋,new-7+
转播,new-7+
不景气,new-7+
肥沃,new-7+
利索,new-7+
劳累,new-7+
测定,new-6
栋梁,new-7+
凝固,new-7+
家境,new-7+
要不是,new-7+
休眠,new-7+
老字号,new-7+
洗衣机,new-2
天鹅,new-7+
动不动,new-7+
久仰,new-7+
不言而喻,old-6
物业,new-5
相对而言,new-7+
基本功,new-7+
游玩,new-6
费劲,new-7+
中级,new-2
胡须,old-5
座谈会,new-6
施加,new-7+
结晶,new-7+
筹措,new-7+
敷衍,old-6
收支,new-7+
单打,new-6
京剧,new-3
呐喊,new-7+
鉴赏,new-7+
外援,new-7+
不翼而飞,new-7+
顽皮,new-6
审定,new-7+
从早到晚,new-7+
壮大,new-7+
孵化,new-7+
短片,new-6
顽强,new-6
竭力,new-7+
胶囊,new-7+
中秋节,new-5
行家,new-7+
门路,new-7+
伸缩,new-7+
快车,new-6
交界,new-7+
喧闹,new-7+
推移,new-7+
过半,new-7+
全年,new-2
攀升,new-7+
难能可贵,old-6
山谷,new-6
进而,new-7+
烹饪,old-6
海绵,new-7+
面条儿,new-1
探亲,new-7+
固有,old-6
纵深,new-7+
搜救,new-7+
内地,new-6
负有,new-7+
灰尘,new-7+
搅拌,new-7+
投稿,new-7+
伯伯,new-7+
开夜车,new-6
剪彩,old-6
抱负,new-7+
渣子,new-7+
纵横,old-6
神态,new-7+
超车,new-7+
药水,new-2
芦花,new-7+
高涨,new-7+
电车,new-6
跟不上,new-7+
历届,new-7+
不亦乐乎,new-7+
赶往,new-7+
信誉,new-7+
深信,new-7+
手术室,new-7+
继母,new-7+
劳驾,old-5
两手,new-6
缺失,new-7+
地段,new-7+
退让,new-7+
一回事,new-7+
及早,new-7+
天文,new-5
畅通,new-6
预售,new-7+
声望,new-7+
野外,new-7+
妖怪,new-7+
平淡,new-7+
山区,new-5
同舟共济,new-7+
输送,new-7+
马后炮,new-7+
所长,new-3
配音,new-7+
窍门,new-7+
炒作,new-6
自费,new-7+
交情,new-7+
迎合,new-7+
初级,new-3
志气,new-7+
拿手,new-7+
底蕴,new-7+
架势,new-7+
成群结队,new-7+
开明,old-6
佳节,new-7+
均衡,new-7+
扩建,new-7+
钦佩,new-7+
现行,new-7+
粗略,new-7+
便饭,new-7+
半边天,new-7+
急转弯,new-7+
美滋滋,new-7+
乳制品,new-6
免不了,new-7+
狭隘,new-7+
学士,new-7+
半路,new-7+
食宿,new-7+
摊儿,old-6
朦胧,new-7+
流域,new-7+
得天独厚,new-7+
编造,new-7+
门槛,new-7+
代表团,new-3
不利于,new-7+
去处,new-7+
机动,new-7+
菊花,new-7+
财力,new-7+
招待会,new-7+
聘任,new-7+
蒸发,old-6
拉锁,new-7+
包容,new-7+
依依不舍,new-7+
夹杂,old-6
稀少,new-7+
职权,new-7+
草率,old-6
颁布,new-7+
晚期,new-7+
光明磊落,new-7+
出发点,new-7+
违约,new-7+
挑衅,new-7+
口吃,new-7+
确凿,new-7+
从容不迫,new-7+
傲慢,new-7+
均匀,new-7+
赫然,new-7+
看不起,new-4
展出,new-7+
联欢,new-7+
文雅,new-7+
进出口,new-7+
脱颖而出,new-7+
蓝图,new-7+
死心塌地,new-7+
孕育,new-7+
小孩儿,new-1
导游,new-4
水灵灵,new-7+
蓝领,new-6
晴天,new-2
操劳,new-7+
高龄,new-7+
一下儿,new-1
锲而不舍,old-6
狂欢节,new-7+
逊色,new-7+
标致,new-7+
逃生,new-7+
投奔,new-7+
下边,new-1
加剧,new-7+
一再,new-4
宽泛,new-7+
开采,new-7+
晒太阳,new-7+
国宝,new-7+
初等,new-6
拜见,new-7+
赤字,new-7+
一心一意,new-7+
天平,new-7+
火热,new-7+
瘟疫,new-7+
